user_id,target_item,prefix_length,rank,target_score
8,6716,3,67,0.587173342704773
15,6937,4,188,0.5334325432777405
16,5479,3,363,0.4853389263153076
39,737,5,105,0.6089274287223816
41,5198,1,302,0.39741232991218567
45,5439,5,435,0.4970938563346863
47,1,10,323,0.5653420090675354
73,1725,2,86,0.5368061661720276
80,4,3,73,0.5561364889144897
219,7038,10,96,0.627742350101471
345,6640,3,302,0.4845035672187805
369,6829,1,317,0.40334799885749817
402,13,2,47,0.5637258291244507
436,2453,5,341,0.5239723324775696
525,6800,6,323,0.5356020927429199
540,6528,5,171,0.5659741759300232
557,7010,2,47,0.5986054539680481
595,7008,4,239,0.5265284180641174
640,3940,1,285,0.41024652123451233
644,6981,4,86,0.5859736204147339
645,6997,5,410,0.477605402469635
677,4364,3,170,0.5346459150314331
688,7009,9,15,0.6887724995613098
713,6938,4,116,0.5532577037811279
745,6353,2,18,0.5907748341560364
755,4648,1,89,0.5095717310905457
802,7032,5,104,0.5883406400680542
806,6941,3,280,0.49074047803878784
818,6503,2,408,0.4269653260707855
832,2539,2,32,0.566438615322113
845,957,2,210,0.4909140467643738
885,2914,2,78,0.555411696434021
903,1292,4,271,0.520767092704773
923,4899,3,63,0.5758659243583679
992,6640,3,226,0.4941225051879883
1022,6996,4,474,0.3983297646045685
1028,1455,10,231,0.5777692198753357
1059,5781,2,173,0.5021861791610718
1060,6771,4,324,0.4816499650478363
1082,6800,5,110,0.5667724013328552
1122,6500,1,285,0.4192282557487488
1127,1754,2,370,0.4643683135509491
1133,4653,1,370,0.3867264986038208
1155,6997,9,462,0.4744064211845398
1178,6974,3,330,0.47173359990119934
1181,6714,2,419,0.4300021529197693
1230,2402,4,69,0.6014255881309509
1269,7039,3,293,0.4554564654827118
1275,957,2,61,0.5776056051254272
1277,1828,4,9,0.6341018676757812
1295,7017,2,246,0.49129894375801086
1359,1291,2,364,0.471725732088089
1384,6715,3,364,0.47781872749328613
1392,6874,6,305,0.5195474028587341
1450,828,2,21,0.6105503439903259
1463,7029,1,68,0.511546790599823
1547,6759,3,189,0.5436281561851501
1588,7010,6,117,0.5792062282562256
1590,5781,4,37,0.6129916906356812
1602,6993,3,304,0.5119001865386963
1636,1744,8,401,0.521725058555603
1653,59,4,87,0.5795291662216187
1670,6941,7,451,0.4616234600543976
1686,3805,3,422,0.42998677492141724
1694,6941,4,155,0.552590548992157
1707,6986,4,284,0.5182840824127197
1710,6590,4,114,0.5402806401252747
1711,3942,2,295,0.4838632047176361
1715,6722,3,248,0.5432245135307312
1837,4764,2,21,0.6200895309448242
1845,72,3,23,0.6033562421798706
1848,6742,2,454,0.37842294573783875
1851,4577,5,20,0.6552430391311646
1873,6496,3,317,0.49286389350891113
1883,6559,7,199,0.5797630548477173
1907,6943,3,169,0.4962914288043976
1920,6974,2,415,0.4077719748020172
1924,7008,4,87,0.5895799994468689
1966,6381,9,74,0.6238431334495544
1969,2621,2,7,0.6492488384246826
1976,5021,3,114,0.5518848299980164
1977,3867,2,284,0.44596758484840393
1983,7028,10,35,0.6669668555259705
1993,6421,7,39,0.6329644918441772
2014,5878,2,190,0.5183390974998474
2148,6793,2,160,0.5263338088989258
2165,6925,2,429,0.4115667939186096
2262,844,5,410,0.5127785801887512
2270,2365,2,344,0.4369443655014038
2278,6987,2,125,0.5373534560203552
2297,4636,3,266,0.5090214014053345
2333,6939,8,320,0.5472408533096313
2343,88,4,19,0.6310242414474487
2361,7016,1,54,0.5186973214149475
2369,6528,1,188,0.4369427263736725
2419,4716,5,349,0.5192797780036926
2496,6350,4,348,0.5036833882331848
2530,6889,5,135,0.5678244233131409
2543,4027,3,245,0.5365941524505615
2571,4994,3,94,0.5308007597923279
2598,6840,3,115,0.528807520866394
2627,1307,5,374,0.5134983062744141
2649,6955,1,479,0.2686680555343628
2657,7045,2,12,0.6013685464859009
2659,7010,1,286,0.44160303473472595
2668,6775,7,99,0.6185370087623596
2678,2869,5,16,0.5882333517074585
2682,6941,5,69,0.6163800954818726
2690,5625,3,42,0.5948648452758789
2693,7029,2,207,0.49186477065086365
2699,6873,4,214,0.5317556262016296
2712,6986,5,3,0.688378095626831
2714,7029,4,367,0.46994754672050476
2717,6997,3,362,0.4609870910644531
2720,6436,4,100,0.5939937829971313
2737,5895,1,7,0.5694229006767273
2750,5599,4,74,0.5783084630966187
2752,580,2,181,0.5239093899726868
2753,4549,6,425,0.4912005066871643
2804,6965,2,216,0.48520341515541077
2812,7029,2,189,0.4843434691429138
2817,7031,6,44,0.6264945864677429
2819,6986,9,103,0.5994449853897095
2845,7014,3,319,0.5177642703056335
2848,6800,4,64,0.606717586517334
2852,6008,2,5,0.6322869658470154
2864,6993,2,372,0.4216814339160919
2865,6937,3,114,0.5768679976463318
2871,6877,2,26,0.5665607452392578
2872,7010,1,42,0.5569283366203308
2882,6257,10,53,0.6209205389022827
2897,6381,3,190,0.5209294557571411
2902,2012,8,234,0.574601948261261
2909,5740,2,64,0.5615489482879639
2910,4364,1,150,0.4444953203201294
2922,6489,3,201,0.5459214448928833
2960,6006,2,269,0.49185454845428467
2983,4764,2,201,0.509192168712616
3037,6301,1,174,0.4294920265674591
3038,4077,3,42,0.5943634510040283
3042,5192,2,413,0.4484699070453644
3049,3180,2,90,0.5408868193626404
3105,2839,2,359,0.44968852400779724
3117,6123,2,355,0.39661988615989685
3130,3789,3,321,0.5024651288986206
3135,7013,3,96,0.5590747594833374
3144,5433,2,205,0.5125302672386169
3160,6449,2,301,0.45805174112319946
3172,5856,2,326,0.45167291164398193
3208,139,2,377,0.436434268951416
3245,1025,3,155,0.5381133556365967
3259,3141,2,287,0.4709339141845703
3346,6990,1,465,0.29675620794296265
3348,4867,1,165,0.45781198143959045
3389,6901,2,177,0.5224418044090271
3406,806,5,329,0.5247713923454285
3435,6996,3,405,0.46454405784606934
3461,2445,3,289,0.49526581168174744
3484,6350,2,433,0.44047683477401733
3532,6597,3,359,0.47193068265914917
3537,6645,2,262,0.48812249302864075
3539,4455,3,12,0.6111969351768494
3610,4653,3,88,0.5845286250114441
3659,176,2,135,0.5117942094802856
3666,2115,2,471,0.37340742349624634
3718,6612,2,87,0.5689893960952759
3723,6755,2,458,0.39571613073349
3730,4042,2,424,0.36308491230010986
3744,176,3,369,0.4216766357421875
3756,6757,2,262,0.41664332151412964
3759,6800,3,111,0.5585566163063049
3867,4325,4,271,0.5162463188171387
3876,922,2,427,0.42887017130851746
3877,6164,2,182,0.520558774471283
3882,6944,10,54,0.6347042918205261
3890,6879,3,201,0.5475509166717529
3899,4983,3,357,0.4943874776363373
3928,6985,2,95,0.5149855613708496
3935,686,3,404,0.4781736135482788
3955,5119,3,213,0.5597812533378601
3975,6872,3,432,0.41669830679893494
4034,6597,1,81,0.49695825576782227
4071,7038,2,408,0.4112420380115509
4078,2955,2,375,0.46240055561065674
4138,5849,3,114,0.5511924624443054
4147,1640,2,110,0.5260846614837646
4170,6905,2,340,0.468246191740036
4177,7046,2,390,0.41582053899765015
4178,4064,2,447,0.4436396658420563
4197,6528,2,94,0.5563170313835144
4266,2681,2,293,0.4801437556743622
4308,6693,1,12,0.548559844493866
4309,6914,5,278,0.5289435386657715
4317,7033,2,438,0.41271618008613586
4341,1664,3,344,0.46676450967788696
4342,6993,2,394,0.41870343685150146
4360,6829,2,306,0.4407445192337036
4384,200,2,305,0.4866826832294464
4399,6621,4,112,0.581117570400238
4494,6717,5,137,0.5852681398391724
4549,2539,2,14,0.6018954515457153
4561,1146,2,15,0.608417809009552
4578,6981,2,207,0.46158045530319214
4583,849,2,197,0.4786538779735565
4624,6968,1,246,0.4364396631717682
4626,7028,5,59,0.6150858402252197
4706,6939,1,321,0.39970311522483826
4709,6694,3,54,0.5730763077735901
4772,6925,2,104,0.4924423396587372
4871,953,2,268,0.4871274530887604
4876,6937,5,92,0.6053389310836792
4925,4878,3,287,0.5380675196647644
4934,6987,2,314,0.4531373083591461
4935,6512,3,69,0.5946778059005737
4966,5775,1,428,0.34288427233695984
5024,4342,4,409,0.4999128580093384
5040,6848,8,418,0.5187020301818848
5070,1740,3,134,0.5491607189178467
5075,6556,2,443,0.41211608052253723
5105,6922,1,355,0.3451124131679535
5109,7045,2,89,0.530089259147644
5115,6043,3,412,0.4071071445941925
5142,545,7,68,0.6123008131980896
5191,1883,2,49,0.5817564725875854
5217,6422,3,273,0.520104706287384
5219,6683,2,55,0.5866628885269165
5297,2094,3,284,0.4928179681301117
5321,5135,2,359,0.45889702439308167
5327,7041,2,72,0.5457062721252441
5332,5614,2,353,0.4675687253475189
5368,5831,9,212,0.5742343068122864
5464,6319,3,143,0.5692111849784851
5525,4554,2,360,0.4003519117832184
5533,5582,3,17,0.5961542129516602
5569,6454,3,415,0.46355220675468445
5591,2340,2,357,0.44843146204948425
5595,3393,3,272,0.4877941906452179
5670,3033,3,456,0.3799864649772644
5674,5436,1,420,0.3723268210887909
5724,6403,4,186,0.5454825162887573
5760,4466,4,308,0.5172416567802429
5761,6693,2,405,0.40502482652664185
5813,6918,2,213,0.4859548509120941
5822,5473,4,67,0.606685996055603
5832,4135,3,280,0.5153902769088745
5939,4493,2,271,0.4881851375102997
5966,6808,1,220,0.42958253622055054
6012,6912,7,231,0.5734180212020874
6019,6825,4,343,0.5116611123085022
6098,6761,1,262,0.40912654995918274
6101,6427,1,86,0.5178278088569641
6113,2723,3,63,0.5802279114723206
6129,7038,3,63,0.5637812614440918
6132,6973,2,415,0.37703585624694824
6160,6609,2,321,0.4681226313114166
6230,5638,3,402,0.44320234656333923
6313,6176,1,292,0.42915111780166626
6326,6801,3,301,0.5031251311302185
6334,4100,2,166,0.5027757883071899
6356,6034,1,373,0.41239842772483826
6371,1321,2,261,0.5070544481277466
6390,7035,2,107,0.5767800211906433
6437,4644,2,108,0.5396984815597534
6443,6002,2,412,0.4104239344596863
6487,6164,2,29,0.5639256834983826
6558,4878,2,48,0.5882467031478882
6575,6925,6,423,0.49795424938201904
6607,5003,5,23,0.623998761177063
6636,2486,2,475,0.28040969371795654
6729,4609,1,351,0.4270073175430298
6740,6984,4,201,0.5444473028182983
6852,678,2,440,0.41902080178260803
6873,4067,2,383,0.467905193567276
6903,6598,2,79,0.5287209749221802
6928,7041,3,405,0.44464296102523804
6999,6528,1,106,0.47907325625419617
7013,5684,1,289,0.4216642677783966
7028,1238,2,415,0.3900236189365387
7084,5986,2,145,0.5194270014762878
7088,2826,2,328,0.4533576965332031
7097,3173,2,31,0.6029280424118042
7138,1785,4,260,0.5029219388961792
7164,6410,7,459,0.4178895056247711
7220,6800,4,34,0.6137182116508484
7232,1444,2,334,0.45973432064056396
7277,6028,4,249,0.5527383089065552
7293,6503,4,103,0.6009684205055237
7354,5943,2,230,0.46710455417633057
7406,5653,3,428,0.4195984899997711
7425,7011,2,18,0.590072512626648
7428,7039,2,405,0.4352913498878479
7442,6916,6,110,0.5980209708213806
7452,7011,2,94,0.5522505044937134
7458,6771,3,323,0.5071575045585632
7466,6987,2,158,0.51808100938797
7468,7028,2,59,0.5651759505271912
7475,6849,1,267,0.378653883934021
7479,6916,3,256,0.5087414383888245
7481,6937,4,453,0.45470118522644043
7482,6528,2,212,0.5167745351791382
7483,7030,2,352,0.4610759913921356
7492,6998,3,277,0.4990338683128357
7497,7006,2,120,0.5368889570236206
7506,7025,2,60,0.5715982913970947
7512,6966,2,46,0.5365182757377625
7515,6939,3,445,0.4171614646911621
7522,7013,2,258,0.48494818806648254
7534,3600,2,463,0.39494675397872925
7542,4346,3,178,0.5212989449501038
7590,4988,2,35,0.5889798402786255
7638,6533,1,119,0.464714378118515
7671,6972,2,65,0.5635588765144348
7704,6873,1,55,0.5198132395744324
7718,5041,2,335,0.48313137888908386
7724,4774,2,133,0.532501757144928
7735,6739,3,283,0.4699332118034363
7774,1616,3,409,0.4689859449863434
7824,4364,5,174,0.5681923627853394
7838,4609,3,200,0.5521886348724365
7859,6916,1,328,0.39696407318115234
7890,5376,2,135,0.5187558531761169
7988,486,2,378,0.43900206685066223
8036,1746,1,253,0.41738295555114746
8037,6397,2,115,0.5428624153137207
8045,4813,3,118,0.5590588450431824
8119,4800,2,273,0.5010735392570496
8131,6971,1,229,0.41314470767974854
8151,5448,2,228,0.5128975510597229
8165,6938,3,345,0.4797646105289459
8170,6793,1,110,0.4591462314128876
8180,5246,1,237,0.46186766028404236
8204,6988,2,382,0.422442227602005
8210,6598,2,391,0.4132121503353119
8244,6741,2,116,0.5141984820365906
8293,3047,2,292,0.4830845296382904
8354,6890,6,260,0.5276094675064087
8513,6823,1,225,0.4596937894821167
8536,3955,3,408,0.4516029357910156
8574,6715,2,380,0.43921828269958496
8577,6822,3,215,0.503137469291687
8623,539,3,61,0.5659651756286621
8648,6941,3,324,0.5000261068344116
8865,1836,2,73,0.5231258273124695
8955,5433,2,344,0.47141802310943604
8963,1594,2,102,0.5235734581947327
8977,6976,3,184,0.4964050054550171
8983,6460,2,63,0.5720810294151306
9030,7018,2,99,0.5416951775550842
9084,6911,2,27,0.566586971282959
9105,5616,3,110,0.5691547393798828
9118,7040,2,181,0.5290171504020691
9196,7030,2,454,0.4304027259349823
9212,580,2,185,0.508073627948761
9217,4342,2,392,0.4091150760650635
9227,681,4,12,0.6470691561698914
9343,2389,3,51,0.5422536730766296
9425,4717,1,448,0.31719842553138733
9467,6940,1,156,0.5032540559768677
9584,6536,2,227,0.4655177891254425
9650,6775,1,354,0.4029157757759094
9698,6470,2,425,0.41021350026130676
9699,6739,4,310,0.497295081615448
9700,7010,1,165,0.4619235694408417
9833,2240,2,244,0.47378575801849365
9910,6649,3,449,0.4655008316040039
9957,6045,4,367,0.47578170895576477
9992,2949,4,61,0.5700762867927551
10022,7011,2,94,0.5197271704673767
10025,646,2,268,0.4915616810321808
10041,6447,2,26,0.5869250297546387
10048,3408,4,28,0.6279698610305786
10131,2626,3,258,0.5067244172096252
10140,6444,2,148,0.5209851861000061
10178,6711,6,258,0.5344446897506714
10197,663,4,304,0.5382166504859924
10219,7040,5,475,0.3822317123413086
10230,6734,2,221,0.5225285291671753
10256,6747,1,231,0.4229426383972168
10383,3714,1,431,0.3373199999332428
10388,5748,3,456,0.4375719130039215
10389,7005,3,440,0.42277345061302185
10395,6965,2,284,0.49409377574920654
10408,6717,2,220,0.5167417526245117
10414,2186,3,220,0.5174484252929688
10472,6465,2,255,0.4911368787288666
10475,6873,2,219,0.5031818747520447
10567,696,2,431,0.4157547354698181
10596,7037,4,2,0.716217041015625
10604,4825,2,5,0.6467496752738953
10612,7030,3,413,0.4564254581928253
10650,6027,3,14,0.6152178645133972
10763,2373,3,440,0.4508987367153168
10899,6528,5,3,0.7104262709617615
10906,1456,2,8,0.5944446921348572
11020,7038,6,45,0.6201243996620178
11056,6739,2,433,0.40366131067276
11085,1989,2,382,0.4362558424472809
11161,755,2,441,0.3802870213985443
11176,3681,3,17,0.6226033568382263
11238,3732,2,20,0.5997948050498962
11265,6561,2,8,0.5908198952674866
11310,6725,2,85,0.5503953695297241
11312,7034,2,108,0.5158296227455139
11314,5578,2,228,0.4937272071838379
11336,5827,3,115,0.5465521216392517
11396,6160,2,247,0.4890468418598175
11406,774,3,192,0.5309944152832031
11490,7038,3,39,0.6181069612503052
11503,7011,4,8,0.6951355338096619
11545,5775,3,232,0.5254536271095276
11620,6664,3,95,0.5550515651702881
11621,5246,2,394,0.4110603928565979
11725,4585,3,165,0.5100547075271606
11752,6937,2,387,0.4210700988769531
11822,1801,3,157,0.542549192905426
11883,1792,2,439,0.34748271107673645
11899,2111,2,112,0.5634936690330505
11901,2373,3,78,0.5735185146331787
11970,1427,2,397,0.4115823805332184
11980,1822,3,60,0.5983543395996094
11983,5764,2,116,0.5316033363342285
12015,5356,1,235,0.40782028436660767
12075,5432,3,199,0.5182410478591919
12112,3484,2,56,0.5868960022926331
12120,5422,1,286,0.41547083854675293
12122,4549,2,310,0.42824506759643555
12153,6620,2,351,0.45831233263015747
12163,6888,2,419,0.4437047243118286
12187,844,3,391,0.4644637405872345
12192,7012,1,75,0.5328446626663208
12195,5388,2,48,0.5713669061660767
12197,5417,2,202,0.5297991633415222
12200,2595,4,133,0.5925671458244324
12202,6998,3,463,0.40666431188583374
12219,845,2,338,0.43728089332580566
12222,5186,2,145,0.5328586101531982
12270,6482,2,412,0.41460317373275757
12288,7012,1,347,0.3772353231906891
12324,6993,2,427,0.4163493514060974
12398,3482,2,9,0.6199872493743896
12419,4362,2,25,0.5821591019630432
12443,7043,2,260,0.4908268451690674
12492,6983,3,133,0.5782757997512817
12497,6176,1,383,0.3743862807750702
12586,6208,7,312,0.44437018036842346
12865,3440,2,165,0.47469690442085266
12866,6800,3,63,0.5857862234115601
12907,5553,2,226,0.49219566583633423
12929,1905,2,22,0.5997450947761536
12939,1197,2,126,0.4913637638092041
12950,1148,6,29,0.6409215927124023
13000,3245,3,319,0.4932248294353485
13032,2847,2,433,0.4175280034542084
13044,4303,2,218,0.4875660240650177
13097,4656,2,404,0.41184455156326294
13180,6745,3,308,0.48082005977630615
13187,6714,2,179,0.5200666785240173
13224,6386,5,73,0.5718104243278503
13295,3360,2,33,0.5584113597869873
13309,6663,2,325,0.4553147554397583
13351,5218,1,239,0.43229445815086365
13360,6208,2,374,0.46272602677345276
13363,6926,2,421,0.4349817633628845
13433,5047,1,117,0.46821779012680054
13438,5131,1,142,0.4819779396057129
13457,6164,2,109,0.5298256874084473
13497,6500,2,397,0.40555670857429504
13567,6913,4,294,0.4986840486526489
13723,6877,1,31,0.554350733757019
13733,3774,2,194,0.4606175422668457
13762,6886,1,295,0.444643497467041
13770,3315,3,308,0.5124819874763489
13819,6636,2,74,0.5563308596611023
13821,6456,1,132,0.49355587363243103
13834,6913,1,383,0.3947140872478485
13843,3999,3,164,0.5478817820549011
13854,6744,2,322,0.453509122133255
13886,7048,2,56,0.5533156394958496
13984,4386,2,223,0.45068445801734924
14075,6966,2,95,0.5479678511619568
14111,6951,2,244,0.45574885606765747
14128,4977,3,67,0.5854997038841248
14132,5946,2,429,0.4319338798522949
14196,3920,2,112,0.5222491025924683
14230,4055,2,316,0.4521540701389313
14282,6757,2,171,0.5338923335075378
14295,4187,2,422,0.4356459677219391
14304,6489,4,298,0.48980405926704407
14323,6464,2,377,0.39876577258110046
14342,6219,2,219,0.5038016438484192
14383,4705,2,360,0.4315465986728668
14475,4897,2,406,0.40504518151283264
14594,3994,2,343,0.4254821240901947
14601,7031,2,71,0.5762192010879517
14605,6290,2,90,0.5249885320663452
14668,6865,1,92,0.5050329566001892
14680,6556,3,417,0.4454707205295563
14759,6222,2,174,0.5135727524757385
14780,5867,1,4,0.6436149477958679
14851,6500,1,251,0.41948264837265015
14863,4118,2,181,0.5000282526016235
15052,3251,2,349,0.45062482357025146
15117,3653,4,86,0.5830978751182556
15189,6735,3,194,0.4991341531276703
15307,2503,2,352,0.45366883277893066
15456,6964,2,53,0.5813542604446411
15508,5779,2,164,0.5452530980110168
15532,7041,2,307,0.47985777258872986
15551,6874,2,212,0.5196764469146729
15606,6986,1,9,0.5864582657814026
15635,1551,2,50,0.5791927576065063
15669,2023,4,387,0.47457510232925415
15715,6286,3,161,0.5590566992759705
15716,6176,2,284,0.4888390302658081
15725,1370,2,159,0.5413410067558289
15730,3880,2,421,0.37898215651512146
15733,5663,2,422,0.4014621675014496
15788,6888,2,396,0.4241606891155243
15853,6786,3,405,0.44473740458488464
15994,5781,1,189,0.4534018933773041
16007,6632,2,11,0.5642715096473694
16017,6566,2,319,0.4419097602367401
16029,6525,3,299,0.5017658472061157
16077,3105,1,31,0.4944327473640442
16099,3662,3,307,0.51111900806427
16164,3808,3,339,0.4938220679759979
16169,7043,2,407,0.4204573929309845
16181,4515,2,239,0.4669754207134247
16184,5471,4,87,0.6033364534378052
16189,4077,2,34,0.5701403021812439
16328,6403,2,30,0.5861912965774536
16353,6208,2,230,0.5050206780433655
16376,4672,2,36,0.5641278624534607
16396,6444,1,416,0.3467516005039215
16407,5456,1,249,0.4248289167881012
16477,5883,2,10,0.5862723588943481
16483,6199,1,178,0.4584572911262512
16517,1693,3,302,0.48271191120147705
16529,6984,1,30,0.514448881149292
16563,6528,1,143,0.47171521186828613
16600,1644,2,462,0.3301955759525299
16673,5870,2,366,0.4402403235435486
16767,2757,2,164,0.47302472591400146
16793,7023,2,69,0.5519738793373108
16810,1722,2,416,0.4307383894920349
16881,6368,2,51,0.5621629357337952
16958,6176,3,383,0.4616754651069641
16966,5596,3,1,0.7229021787643433
17007,7012,1,173,0.4497177004814148
17020,6943,5,292,0.5005184412002563
17043,6938,2,437,0.38602328300476074
17044,7044,2,274,0.4776107370853424
17084,6920,3,405,0.40556901693344116
17089,6800,3,37,0.5715024471282959
17090,6989,1,140,0.49337491393089294
17093,6984,3,180,0.5446327328681946
17114,5145,2,221,0.5164809823036194
17126,5428,2,409,0.42554184794425964
17130,5923,4,124,0.557837963104248
17228,4229,4,347,0.5126694440841675
17345,6922,1,411,0.36936047673225403
17403,6936,1,9,0.6355811953544617
17644,6247,2,39,0.5643161535263062
17653,3284,4,38,0.6402820348739624
17663,4057,1,385,0.33890873193740845
17830,6873,2,68,0.5827975273132324
17831,7028,1,47,0.5430908799171448
17843,6625,2,183,0.5413089990615845
17869,7028,3,12,0.6442807912826538
17875,6716,2,317,0.4539651572704315
17876,6942,2,53,0.57099848985672
17878,6411,1,303,0.3969463109970093
17889,4919,2,294,0.4905165433883667
17901,6099,4,37,0.6035133004188538
17980,5560,3,250,0.5105463862419128
18141,6193,3,229,0.5010411143302917
18185,2626,2,54,0.5374422073364258
18198,6114,2,227,0.4944874942302704
18201,3979,2,432,0.42268890142440796
18210,6842,2,414,0.45389029383659363
18276,5458,2,441,0.3885532021522522
18365,6968,2,257,0.4907339811325073
18377,7036,2,244,0.4897277057170868
18424,6397,2,305,0.4654760956764221
18523,6551,3,434,0.4434349834918976
18569,3141,3,413,0.38273918628692627
18606,6763,3,149,0.5566520094871521
18614,6860,2,398,0.4405474066734314
18629,6937,2,9,0.6289379596710205
18707,6558,2,88,0.5586110949516296
18904,6917,2,82,0.5627738237380981
18946,7006,2,6,0.6422606706619263
18948,7010,1,58,0.516814112663269
19036,5923,1,237,0.4716930389404297
19169,6986,1,9,0.5864583253860474
19240,6775,2,327,0.47956860065460205
19274,6860,2,34,0.5731167197227478
19312,4682,1,106,0.5188438892364502
19322,6984,1,97,0.48864224553108215
19328,5936,1,320,0.4074991047382355
19375,7001,3,301,0.5045465230941772
19394,7012,1,13,0.5633460879325867
19395,6998,2,231,0.49141305685043335
19404,6947,2,202,0.4921518564224243
19405,6968,2,247,0.45152729749679565
19411,6528,1,106,0.47907334566116333
19413,6984,1,201,0.4547269642353058
19436,7031,1,7,0.5823063850402832
