user_id,target_item,prefix_length,rank,target_score,n_interests
0,5458,1,96,0.726667582988739,1
5,18349,10,1294,0.48204919695854187,10
8,798,4,531,0.59434574842453,4
21,16785,1,429,0.6403762102127075,1
28,18103,5,341,0.6247689127922058,5
31,800,3,88,0.6600574851036072,3
54,16989,6,215,0.6565289497375488,6
55,10102,4,761,0.5754824876785278,4
56,14613,2,355,0.5874202847480774,2
80,7551,3,145,0.6217133402824402,3
99,1431,5,102,0.6606265902519226,5
122,18060,5,124,0.6404715776443481,5
150,5838,2,338,0.6225045323371887,2
164,8,3,90,0.6741822957992554,3
165,8,5,62,0.6765293478965759,5
167,8,5,85,0.656454861164093,5
168,18315,2,343,0.6330287456512451,2
169,18131,10,27,0.7099047303199768,10
171,18315,10,2,0.7739178538322449,10
172,8,7,49,0.6826502084732056,7
173,18347,10,910,0.49380597472190857,10
174,8,6,26,0.6993244290351868,6
175,18277,2,314,0.6097467541694641,2
176,18277,10,108,0.6575213074684143,10
177,8,6,63,0.6725003123283386,6
178,8,10,30,0.6850770711898804,10
184,14630,10,136,0.6453058123588562,10
188,16043,3,676,0.5841764807701111,3
195,6753,10,46,0.6599153876304626,10
196,17024,3,478,0.6016364097595215,3
213,11,3,422,0.5874994993209839,3
217,12,2,490,0.590155839920044,2
226,17943,3,603,0.5683578848838806,3
229,7621,5,614,0.5787501931190491,5
269,15737,4,1161,0.5620156526565552,4
277,18179,2,113,0.6972886919975281,2
289,1736,3,416,0.6269776225090027,3
303,14464,6,639,0.6020138263702393,6
315,7129,4,409,0.6228055953979492,4
321,10682,2,1041,0.5142698884010315,2
347,14009,3,1005,0.5445027351379395,3
383,12643,1,1,0.8045586943626404,1
406,15569,3,145,0.6427628397941589,3
408,13719,10,211,0.6377788186073303,10
414,17566,2,156,0.6424981951713562,2
416,18194,2,1204,0.46868735551834106,2
421,17961,10,905,0.5691866278648376,10
450,8854,4,52,0.7056110501289368,4
475,17335,3,487,0.6103162169456482,3
476,18030,7,1018,0.5746647119522095,7
480,10293,2,685,0.60402911901474,2
484,13676,9,235,0.6387325525283813,9
493,6200,2,153,0.648396909236908,2
508,4080,6,662,0.5747498869895935,6
542,1429,2,774,0.567819356918335,2
555,4208,6,445,0.5980714559555054,6
571,18320,10,410,0.6189664602279663,10
573,18227,3,304,0.6210947036743164,3
586,18320,7,475,0.606238067150116,7
611,7159,8,29,0.6980668902397156,8
617,18261,3,79,0.6940562129020691,3
621,18274,10,74,0.6571035981178284,10
625,2943,2,652,0.5694541931152344,2
642,18250,5,41,0.6642026305198669,5
658,18274,6,719,0.5518650412559509,6
660,18307,3,137,0.648083508014679,3
670,2424,2,502,0.598828136920929,2
698,4462,2,909,0.5110014081001282,2
700,17980,2,390,0.5769644379615784,2
701,8366,4,305,0.6252967715263367,4
704,15305,3,1337,0.43121394515037537,3
719,16458,7,589,0.5814534425735474,7
724,18307,3,40,0.6893851161003113,3
730,13476,2,541,0.5970765352249146,2
736,11979,4,278,0.6283499002456665,4
737,18306,10,756,0.58722323179245,10
738,12035,2,1271,0.507465660572052,2
754,607,4,564,0.6015328764915466,4
755,845,2,682,0.5863181948661804,2
757,2045,3,2,0.7851273417472839,3
767,12901,5,775,0.5859788060188293,5
816,17881,6,30,0.731344997882843,6
836,13323,2,13,0.7234201431274414,2
852,1869,10,2,0.7473759055137634,10
855,7522,6,10,0.7443103790283203,6
869,18285,4,350,0.6069632768630981,4
873,514,6,1,0.7382060885429382,6
874,7572,2,178,0.6656327247619629,2
916,1451,2,679,0.559116780757904,2
945,17943,5,32,0.7142837643623352,5
954,47,2,806,0.52597576379776,2
958,5969,2,465,0.6016178727149963,2
1001,13086,1,182,0.6581178307533264,1
1008,50,2,547,0.5986096262931824,2
1021,51,3,1248,0.5023933053016663,3
1029,18356,9,404,0.6119132041931152,9
1040,16920,2,79,0.6931484341621399,2
1088,58,2,730,0.559882640838623,2
1107,11876,3,306,0.6060253977775574,3
1111,18290,4,118,0.6535372734069824,4
1112,18330,2,103,0.7104893326759338,2
1140,1270,2,683,0.567793071269989,2
1147,9419,2,321,0.6258542537689209,2
1150,18287,10,551,0.5910946726799011,10
1152,18091,2,374,0.6065657734870911,2
1154,9402,4,529,0.6144682765007019,4
1158,17943,3,1071,0.5516974329948425,3
1159,18347,4,1183,0.5384005308151245,4
1178,1784,2,182,0.6527426242828369,2
1188,17714,2,199,0.6217126250267029,2
1194,17090,2,142,0.6503799557685852,2
1197,18309,8,225,0.6219832897186279,8
1207,16414,3,60,0.6794582605361938,3
1211,64,4,1090,0.4950816333293915,4
1238,17086,3,878,0.4958336353302002,3
1242,11385,3,495,0.6172085404396057,3
1255,5718,2,928,0.5224887132644653,2
1273,7199,2,407,0.6195105314254761,2
1293,18261,4,84,0.6627058386802673,4
1298,18272,3,123,0.6390564441680908,3
1300,17494,4,207,0.6406002044677734,4
1304,18280,3,377,0.6136863231658936,3
1308,7145,2,138,0.6660972833633423,2
1315,18347,4,109,0.6469447016716003,4
1331,18290,3,72,0.6930692195892334,3
1357,18307,5,144,0.641907811164856,5
1361,18207,2,584,0.6091259121894836,2
1366,10154,5,169,0.6393122673034668,5
1378,2470,4,1083,0.5249314904212952,4
1389,7643,4,1128,0.5067982077598572,4
1394,17077,3,351,0.6177002787590027,3
1404,18346,2,257,0.6249919533729553,2
1407,18271,5,238,0.6400951743125916,5
1414,18304,3,103,0.6578213572502136,3
1421,17409,3,1332,0.4102506637573242,3
1430,10084,2,578,0.5662440657615662,2
1440,18346,1,585,0.5691283345222473,1
1463,1710,9,350,0.6150776743888855,9
1482,11166,5,440,0.5868043303489685,5
1502,17137,3,303,0.6033395528793335,3
1513,254,4,689,0.5648268461227417,4
1514,16042,2,303,0.6285198926925659,2
1527,4755,2,109,0.6504076719284058,2
1530,18287,6,91,0.6361116766929626,6
1542,6290,3,1045,0.5204593539237976,3
1543,6900,4,204,0.6337255835533142,4
1555,6355,7,306,0.607083797454834,7
1573,17566,4,122,0.6424310803413391,4
1579,18030,4,757,0.5648393034934998,4
1619,4638,3,1014,0.5347480773925781,3
1625,16793,10,60,0.6935674548149109,10
1646,2727,2,173,0.6717404723167419,2
1657,8794,4,354,0.6083937287330627,4
1658,17962,3,118,0.6737567782402039,3
1673,15257,10,115,0.6644361019134521,10
1697,18237,10,671,0.5762051343917847,10
1706,3086,5,183,0.6355828642845154,5
1709,3743,2,426,0.6207103729248047,2
1776,101,3,226,0.6646823287010193,3
1790,18272,10,458,0.5979403257369995,10
1791,101,5,320,0.6519126296043396,5
1811,12401,1,1,0.8101602792739868,1
1825,6669,6,421,0.6074122786521912,6
1836,9935,2,682,0.5889078974723816,2
1858,12327,2,1093,0.503834068775177,2
1864,108,2,1236,0.4832586944103241,2
1882,12872,7,143,0.6665244102478027,7
1885,6041,3,807,0.5760402083396912,3
1887,11230,3,1111,0.552836000919342,3
1898,18288,6,502,0.6156966090202332,6
1900,604,4,770,0.5813087821006775,4
1939,11149,3,513,0.6245623230934143,3
1947,17844,1,206,0.7207661271095276,1
1960,9931,3,1093,0.5036768317222595,3
1965,115,3,90,0.680616557598114,3
1978,5515,5,550,0.6018852591514587,5
2003,11676,10,17,0.6890396475791931,10
2021,121,3,562,0.5884715914726257,3
2026,4236,3,392,0.622302234172821,3
2040,18237,6,158,0.6329705119132996,6
2046,2321,3,280,0.6320414543151855,3
2047,10985,4,24,0.6836668252944946,4
2089,15543,2,610,0.5526529550552368,2
2090,7838,4,109,0.6613298058509827,4
2112,7115,6,59,0.6936179399490356,6
2136,4673,2,197,0.6464148759841919,2
2156,14449,2,72,0.6924354434013367,2
2158,13983,3,643,0.5893170237541199,3
2169,186,4,787,0.5525132417678833,4
2202,804,3,4,0.7156581282615662,3
2203,11599,2,9,0.7402047514915466,2
2226,18035,4,134,0.6454856395721436,4
2245,18298,4,103,0.6787978410720825,4
2249,18131,1,399,0.6350924372673035,1
2269,139,5,442,0.6169347167015076,5
2285,9624,1,370,0.6107844710350037,1
2298,10507,5,11,0.7248727083206177,5
2302,2884,4,228,0.6372312903404236,4
2307,18292,2,191,0.6525468230247498,2
2334,1787,9,9,0.7300320863723755,9
2346,147,2,1,0.9113249182701111,2
2347,147,9,552,0.563313901424408,9
2355,13716,2,81,0.683649480342865,2
2372,379,3,10,0.7435036301612854,3
2376,5714,5,566,0.6048051714897156,5
2391,10506,4,20,0.7404195666313171,4
2403,16646,2,793,0.5626826882362366,2
2404,18272,5,3,0.7701272964477539,5
2412,3114,6,310,0.6311189532279968,6
2422,6013,2,3,0.7624050974845886,2
2428,17715,3,1171,0.5239007472991943,3
2444,8791,3,483,0.615900456905365,3
2456,16478,9,190,0.6445318460464478,9
2465,11627,10,188,0.6195455193519592,10
2470,18088,5,679,0.5885422229766846,5
2497,7588,3,18,0.7074280381202698,3
2505,16178,7,101,0.664281964302063,7
2508,1412,1,230,0.6467578411102295,1
2511,7518,2,56,0.678665280342102,2
2546,12944,6,351,0.6126710176467896,6
2549,17179,3,558,0.5988306403160095,3
2555,1255,4,1329,0.4336651861667633,4
2576,15523,4,436,0.6177374720573425,4
2608,18280,5,59,0.6645686030387878,5
2615,719,2,52,0.6994068026542664,2
2622,13211,2,33,0.6977586150169373,2
2641,5073,5,43,0.6671196222305298,5
2643,9111,1,1273,0.495784729719162,1
2663,2701,2,806,0.5491630434989929,2
2664,17862,10,149,0.6300436854362488,10
2667,18131,9,277,0.6349611282348633,9
2677,183,5,739,0.5497918725013733,5
2708,2440,2,596,0.5999128818511963,2
2714,2889,2,246,0.6273337602615356,2
2720,9107,2,1029,0.5262751579284668,2
2730,14579,4,194,0.622253954410553,4
2775,4638,4,9,0.7141958475112915,4
2777,17856,10,977,0.562934398651123,10
2784,16266,2,153,0.6732466220855713,2
2821,12212,2,64,0.6970496773719788,2
2833,18337,5,61,0.6976324319839478,5
2845,18134,2,1132,0.5353136658668518,2
2858,2179,3,566,0.587317943572998,3
2859,2770,4,88,0.657136857509613,4
2870,5260,2,941,0.5259880423545837,2
2885,8431,4,429,0.6006116271018982,4
2889,4313,2,33,0.732936441898346,2
2898,5355,2,460,0.6140685081481934,2
2903,951,6,352,0.6306803822517395,6
2930,548,2,221,0.6420601606369019,2
2949,2424,2,946,0.5725242495536804,2
2961,203,8,67,0.6600836515426636,8
2972,205,5,803,0.5486737489700317,5
2975,16243,5,664,0.5648213624954224,5
2981,18159,2,929,0.5396097898483276,2
2984,6979,3,64,0.6831415295600891,3
2997,4527,10,98,0.6520567536354065,10
3004,17961,4,874,0.5666451454162598,4
3030,5593,10,24,0.6661486029624939,10
3037,10168,3,122,0.6618762016296387,3
3046,18200,6,122,0.6401309967041016,6
3077,18334,10,93,0.6488905549049377,10
3106,4930,6,54,0.6617155075073242,6
3113,14081,2,514,0.5844219923019409,2
3128,8849,9,7,0.7363750338554382,9
3145,16958,2,25,0.703732430934906,2
3158,233,2,331,0.5951759815216064,2
3195,6097,5,551,0.6107413172721863,5
3198,17779,2,248,0.6503894925117493,2
3207,17605,2,719,0.5841895937919617,2
3250,11854,8,41,0.681017279624939,8
3262,15370,2,93,0.7245140075683594,2
3288,16014,2,562,0.6172720789909363,2
3301,15745,2,356,0.6376557946205139,2
3321,17098,1,220,0.649529218673706,1
3329,14823,10,834,0.5624381899833679,10
3330,13721,3,62,0.6778463125228882,3
3331,12873,9,441,0.6213130354881287,9
3334,17699,3,211,0.6343846917152405,3
3343,11332,2,193,0.6872643232345581,2
3363,13605,5,939,0.5607916712760925,5
3364,18083,3,302,0.6554797887802124,3
3366,11572,4,24,0.7188464999198914,4
3374,10073,1,321,0.6490177512168884,1
3381,14970,3,14,0.6967292428016663,3
3389,7037,10,228,0.6758665442466736,10
3391,17951,2,128,0.697685182094574,2
3392,5053,6,406,0.6350410580635071,6
3393,6337,2,81,0.7128675580024719,2
3402,2120,2,144,0.7111219763755798,2
3406,14864,2,1024,0.5630490183830261,2
3448,17787,10,214,0.6650818586349487,10
3453,8500,9,84,0.6530952453613281,9
3463,15457,3,535,0.5999363660812378,3
3477,17443,2,409,0.627251148223877,2
3484,5294,2,1166,0.5083440542221069,2
3492,4801,2,166,0.6597420573234558,2
3552,4211,10,828,0.575060248374939,10
3553,4223,2,694,0.5633732080459595,2
3556,8726,2,89,0.6864930987358093,2
3576,5100,4,71,0.693708062171936,4
3580,18274,10,546,0.6030585765838623,10
3589,15493,5,132,0.6474154591560364,5
3616,17951,10,302,0.6404966711997986,10
3652,9918,2,213,0.691869854927063,2
3653,18200,2,634,0.5622683763504028,2
3656,5170,2,900,0.5277782678604126,2
3697,18014,5,140,0.6822957992553711,5
3703,16193,2,1154,0.5025402307510376,2
3771,260,2,60,0.7301551699638367,2
3774,17477,4,264,0.6431886553764343,4
3783,7607,2,422,0.6130934953689575,2
3785,8120,3,47,0.7134819626808167,3
3819,16369,4,90,0.6961389780044556,4
3823,17814,3,140,0.6770829558372498,3
3828,3042,2,599,0.6233331561088562,2
3860,14357,3,16,0.7291268706321716,3
3862,7747,2,205,0.6388373374938965,2
3863,5444,3,119,0.7125522494316101,3
3895,2587,6,340,0.6272798776626587,6
3936,5680,5,356,0.5987539291381836,5
3940,2453,2,15,0.7219882607460022,2
3954,9516,2,8,0.7511332035064697,2
3988,11969,3,440,0.6183517575263977,3
4001,9516,2,22,0.7629914879798889,2
4004,15311,3,70,0.7001797556877136,3
4024,1880,2,340,0.6465161442756653,2
4039,587,2,427,0.6311479210853577,2
4041,16234,1,9,0.7734660506248474,1
4070,14500,9,1006,0.5232810974121094,9
4082,5170,4,199,0.6707729697227478,4
4083,2799,2,100,0.6569504141807556,2
4088,17462,9,360,0.6398192644119263,9
4107,8155,1,903,0.5084149837493896,1
4109,13126,3,501,0.6256306767463684,3
4116,251,4,480,0.5966554284095764,4
4117,2404,2,573,0.5836510062217712,2
4132,18150,4,675,0.5898659825325012,4
4217,1009,3,936,0.4786832332611084,3
4223,11135,1,669,0.5938096046447754,1
4224,5213,1,66,0.709841251373291,1
4229,2947,3,648,0.5930447578430176,3
4233,17331,2,3,0.7661961913108826,2
4237,18133,3,326,0.6336759924888611,3
4257,13506,2,152,0.6647855639457703,2
4275,8120,3,131,0.6419898867607117,3
4277,14960,5,500,0.6092553734779358,5
4279,5583,8,397,0.6139077544212341,8
4286,12782,4,768,0.581017017364502,4
4290,16494,2,578,0.615892767906189,2
4310,13506,3,1097,0.4895351827144623,3
4328,17853,1,449,0.6335970759391785,1
4335,18274,4,13,0.7015829086303711,4
4340,2884,2,958,0.533285915851593,2
4372,9615,9,453,0.6102696657180786,9
4426,270,2,100,0.6576750874519348,2
4521,278,9,375,0.6003557443618774,9
4542,9034,3,76,0.6541266441345215,3
4549,14448,6,1114,0.4934837818145752,6
4550,11542,2,952,0.5597178339958191,2
4594,15021,6,553,0.6090198755264282,6
4618,17477,4,110,0.6804251074790955,4
4690,17828,1,562,0.5975182056427002,1
4696,17862,6,119,0.6549634337425232,6
4712,8500,2,96,0.701000988483429,2
4715,17101,5,94,0.6821090579032898,5
4727,12207,3,67,0.7231318354606628,3
4737,15672,3,164,0.6540122628211975,3
4744,16265,4,1334,0.4261941611766815,4
4747,7994,2,240,0.6122466325759888,2
4751,6234,5,361,0.6380736827850342,5
4761,1568,4,13,0.6823456883430481,4
4765,18288,2,347,0.610439121723175,2
4773,18315,3,127,0.6671603918075562,3
4794,18214,7,707,0.5829628109931946,7
4801,6825,4,4,0.7198983430862427,4
4850,14134,2,169,0.6127904653549194,2
4855,303,2,148,0.6484507918357849,2
4869,18293,2,96,0.6650819778442383,2
4888,13729,2,7,0.7782787680625916,2
4903,18307,4,125,0.6557169556617737,4
4907,10732,2,737,0.5842717289924622,2
4925,17332,7,223,0.6423441767692566,7
4932,17479,3,1105,0.5204828381538391,3
4962,18287,2,40,0.6678435802459717,2
4981,18131,9,27,0.6883702278137207,9
4984,1898,2,499,0.6151713728904724,2
4996,18303,6,200,0.6664057970046997,6
5003,18344,7,194,0.6381611227989197,7
5015,11173,2,1134,0.5044531226158142,2
5040,16802,2,79,0.6817137598991394,2
5043,12445,3,421,0.6144117712974548,3
5058,5227,2,750,0.5619302988052368,2
5087,323,3,987,0.5144310593605042,3
5088,18274,5,18,0.6934758424758911,5
5090,9804,4,46,0.6811680793762207,4
5091,16665,2,592,0.5898022651672363,2
5112,14982,4,608,0.5598182678222656,4
5119,18306,4,187,0.6594945192337036,4
5154,18334,2,204,0.6472238898277283,2
5156,10477,2,206,0.6262789964675903,2
5182,1203,2,181,0.664745569229126,2
5192,4324,2,131,0.6753597855567932,2
5195,17560,6,357,0.6288793683052063,6
5203,5920,10,157,0.6579045057296753,10
5217,11453,2,499,0.6011251211166382,2
5223,14897,1,322,0.6386938095092773,1
5233,2279,5,70,0.6385863423347473,5
5248,18290,7,6,0.6981589198112488,7
5258,7361,4,1209,0.5055844187736511,4
5264,18346,4,571,0.6026144027709961,4
5266,18280,3,302,0.6285684704780579,3
5271,13681,3,232,0.6208686232566833,3
5292,13480,1,625,0.5551585555076599,1
5311,2494,3,987,0.5167298913002014,3
5328,17243,2,42,0.696262538433075,2
5331,12853,1,240,0.6381708383560181,1
5348,16609,2,246,0.6447369456291199,2
5354,15991,2,19,0.7567082047462463,2
5377,18322,3,857,0.5389633774757385,3
5386,9356,5,232,0.6294417381286621,5
5391,7114,2,117,0.6462553143501282,2
5398,18291,10,47,0.6665846705436707,10
5402,354,2,293,0.6407474875450134,2
5416,17596,6,372,0.624668538570404,6
5419,13400,8,207,0.6396076679229736,8
5420,16151,1,449,0.6161881685256958,1
5430,2632,2,1129,0.5424245595932007,2
5431,18133,3,520,0.6123695969581604,3
5523,11068,2,469,0.5801371932029724,2
5560,18307,2,697,0.5732835531234741,2
5585,7809,2,1273,0.5004581212997437,2
5592,18285,8,307,0.6026175022125244,8
5613,3522,6,285,0.6019188761711121,6
5627,6138,3,304,0.6154579520225525,3
5630,18307,4,131,0.6545915603637695,4
5636,10465,3,95,0.6834951639175415,3
5654,17798,3,159,0.6310760378837585,3
5685,16546,4,41,0.7135496139526367,4
5696,16456,2,419,0.6262588500976562,2
5740,11986,5,251,0.6323885917663574,5
5757,6276,5,975,0.5759384036064148,5
5765,12632,8,116,0.6760181188583374,8
5810,6647,8,103,0.6598031520843506,8
5839,17235,2,751,0.5703685283660889,2
5891,17339,3,1221,0.532221257686615,3
5897,2376,4,41,0.6677685976028442,4
5912,18310,1,886,0.5386107563972473,1
5935,14409,2,280,0.6007980704307556,2
5945,17254,5,613,0.5889747738838196,5
5967,9627,4,29,0.6956328749656677,4
5970,15566,3,195,0.6443377137184143,3
5980,3713,2,202,0.6399180889129639,2
5986,6169,2,51,0.6824744343757629,2
6037,17335,5,966,0.5333490371704102,5
6059,400,3,617,0.5884577631950378,3
6079,16802,3,26,0.7242909073829651,3
6081,14476,2,286,0.631114661693573,2
6088,11633,4,462,0.6143762469291687,4
6091,6993,4,110,0.6393656134605408,4
6119,8559,1,38,0.6891713738441467,1
6121,11858,4,38,0.7029911875724792,4
6131,5521,4,147,0.6461545825004578,4
6134,16326,4,1132,0.504267692565918,4
6159,4461,7,201,0.642050564289093,7
6171,18095,3,3,0.7445191144943237,3
6174,8030,5,917,0.5768439769744873,5
6176,17880,4,579,0.5926312208175659,4
6178,3513,3,472,0.6170297265052795,3
6180,409,10,376,0.6242412328720093,10
6192,2712,3,166,0.6615383625030518,3
6201,9019,2,17,0.7074353694915771,2
6223,17425,2,3,0.7874796390533447,2
6263,17137,5,521,0.6049482822418213,5
6279,18132,8,461,0.6054184436798096,8
6287,3391,2,89,0.6862208247184753,2
6298,420,2,9,0.7443792223930359,2
6299,420,2,20,0.763949453830719,2
6366,14956,2,206,0.6360907554626465,2
6395,16802,5,40,0.6985185742378235,5
6476,2026,5,55,0.7148111462593079,5
6490,5685,4,98,0.6526559591293335,4
6497,16949,5,135,0.6752010583877563,5
6525,18356,7,233,0.6429568529129028,7
6530,2185,4,259,0.628258228302002,4
6539,17711,2,133,0.6757621169090271,2
6555,9516,2,126,0.6767784357070923,2
6577,17718,5,1056,0.5527321100234985,5
6584,12476,4,209,0.6398810148239136,4
6592,449,3,904,0.5517928004264832,3
6606,9635,1,781,0.5898685455322266,1
6639,8286,2,117,0.6635239124298096,2
6663,7775,3,1238,0.4866536557674408,3
6668,17183,3,1266,0.5121954679489136,3
6671,2372,1,78,0.6926955580711365,1
6675,14984,3,6,0.7420546412467957,3
6676,18050,3,131,0.6458770632743835,3
6691,4929,2,142,0.664551317691803,2
6780,1723,2,541,0.5545933246612549,2
6799,16096,4,2,0.7589687705039978,4
6800,13508,3,863,0.5655487775802612,3
6831,460,2,25,0.6840714812278748,2
6852,1227,10,399,0.630376398563385,10
6875,467,4,411,0.6246599555015564,4
6900,16413,7,153,0.6662842035293579,7
6909,17042,7,167,0.6538619995117188,7
6923,4244,6,882,0.568725049495697,6
6927,15763,2,421,0.6347785592079163,2
6938,17627,2,27,0.7106578946113586,2
6960,11650,2,536,0.5879172086715698,2
6966,18334,4,145,0.6506420373916626,4
6969,18159,4,74,0.6692795753479004,4
6972,2670,4,292,0.6618895530700684,4
6990,18104,10,85,0.6646921038627625,10
7022,5911,3,191,0.623755693435669,3
7032,3675,2,1009,0.4816974699497223,2
7037,1910,2,169,0.633065402507782,2
7045,3316,3,57,0.7036798000335693,3
7069,18253,2,276,0.6190499663352966,2
7076,13152,3,1185,0.48675766587257385,3
7089,7049,2,11,0.808746337890625,2
7092,487,2,1129,0.5210637450218201,2
7094,18214,2,817,0.5322391986846924,2
7103,488,3,1193,0.49123984575271606,3
7107,18356,2,51,0.6985778212547302,2
7116,4497,3,2,0.7336129546165466,3
7128,490,2,326,0.6086406707763672,2
7132,3114,3,301,0.6121702194213867,3
7134,17494,6,95,0.6429995894432068,6
7137,18131,8,21,0.7270810604095459,8
7139,18320,2,725,0.5097177028656006,2
7140,18137,8,540,0.5626949071884155,8
7141,18356,6,427,0.6003464460372925,6
7147,17862,3,61,0.6795639991760254,3
7151,18137,2,163,0.6547594666481018,2
7152,18356,4,255,0.6055476069450378,4
7160,18355,5,393,0.5949355363845825,5
7209,16332,2,1301,0.501046359539032,2
7214,15658,2,992,0.5286105871200562,2
7222,16784,2,597,0.5691938996315002,2
7247,18289,1,92,0.7043763995170593,1
7264,3771,3,2,0.7117621898651123,3
7401,2372,2,797,0.5482893586158752,2
7402,9999,2,600,0.610146164894104,2
7404,8595,2,749,0.5736583471298218,2
7415,3657,1,490,0.5833621025085449,1
7432,12964,4,507,0.6090666055679321,4
7451,7327,2,368,0.6018204092979431,2
7470,17252,6,746,0.587928831577301,6
7475,516,2,423,0.6012193560600281,2
7515,10992,2,115,0.6803410649299622,2
7554,15545,3,369,0.5917641520500183,3
7596,11813,2,449,0.5166243314743042,2
7613,11633,3,551,0.5755419731140137,3
7620,5795,3,4,0.781943678855896,3
7640,18226,3,132,0.6891536712646484,3
7641,2843,2,1173,0.4733392894268036,2
7695,678,2,43,0.7168623805046082,2
7706,5171,3,760,0.5853992104530334,3
7728,18200,2,122,0.6571604609489441,2
7734,14318,1,172,0.6451730132102966,1
7756,17947,4,753,0.5900181531906128,4
7759,18150,7,115,0.6749776005744934,7
7770,18292,2,469,0.6158809661865234,2
7777,3020,2,415,0.6202930808067322,2
7784,18004,1,552,0.5982022285461426,1
7790,11979,4,162,0.6560763120651245,4
7805,6483,3,610,0.6099483370780945,3
7809,15679,2,222,0.6717303991317749,2
7813,16298,4,145,0.6913591623306274,4
7817,3349,3,383,0.6175095438957214,3
7862,8699,9,140,0.6948925256729126,9
7874,8443,1,192,0.6856789588928223,1
7890,11573,7,165,0.6854767203330994,7
7891,18174,1,1119,0.45438095927238464,1
7903,12339,6,1140,0.5038318037986755,6
7917,6550,4,569,0.607437789440155,4
7927,18275,1,384,0.6189407706260681,1
7950,18226,1,3,0.7318200469017029,1
7975,4085,2,480,0.5960384607315063,2
7982,554,3,769,0.5150112509727478,3
7988,11010,2,588,0.6084298491477966,2
8004,18219,2,63,0.7007352709770203,2
8016,9914,5,1335,0.45457878708839417,5
8022,11781,2,379,0.6384899020195007,2
8043,16666,2,423,0.6268341541290283,2
8045,16091,2,115,0.6664495468139648,2
8059,3304,3,294,0.6115064024925232,3
8063,18200,3,449,0.6075660586357117,3
8080,18295,2,422,0.6025769114494324,2
8088,18352,2,98,0.6842518448829651,2
8115,5188,2,86,0.6720693707466125,2
8122,12038,2,161,0.6844632029533386,2
8131,6608,10,383,0.6257823705673218,10
8159,8177,4,53,0.6945563554763794,4
8168,17425,4,47,0.7186189889907837,4
8197,17839,2,271,0.6508884429931641,2
8200,569,2,27,0.7457811832427979,2
8234,9500,3,111,0.6946483254432678,3
8246,16714,2,690,0.5609263181686401,2
8250,9993,2,461,0.6070893406867981,2
8255,7440,6,50,0.7141599655151367,6
8278,8355,3,1061,0.5460262894630432,3
8332,4780,4,216,0.6654669046401978,4
8349,14967,2,479,0.6123456358909607,2
8374,2616,2,400,0.6027162075042725,2
8432,13899,3,654,0.5596916079521179,3
8443,1939,3,761,0.5977978110313416,3
8490,738,4,515,0.590289831161499,4
8506,18307,4,128,0.6484140753746033,4
8507,8535,1,567,0.6364524364471436,1
8513,17805,2,281,0.6391934752464294,2
8522,4879,3,90,0.6687998175621033,3
8529,3422,2,60,0.6602811813354492,2
8534,3141,3,353,0.6185191869735718,3
8543,18287,4,262,0.6194118857383728,4
8545,18088,2,72,0.6630653738975525,2
8558,17323,5,144,0.6511126756668091,5
8572,10688,3,312,0.6411076784133911,3
8597,601,2,239,0.6440397500991821,2
8615,10219,2,728,0.5640832781791687,2
8639,17275,3,227,0.6758522391319275,3
8640,3681,3,99,0.6790629029273987,3
8658,18199,2,380,0.6331616044044495,2
8662,17824,10,1009,0.5514633059501648,10
8665,2056,2,276,0.6345760226249695,2
8714,17962,2,815,0.5763159990310669,2
8716,6488,4,135,0.6464098691940308,4
8719,1100,2,7,0.7232809662818909,2
8723,2887,3,441,0.6060871481895447,3
8730,1773,2,12,0.7545391917228699,2
8735,18168,2,96,0.6562528610229492,2
8738,12462,2,43,0.6880214810371399,2
8755,11541,2,4,0.7314951419830322,2
8776,14891,2,5,0.7384986281394958,2
8787,17943,5,366,0.618393063545227,5
8795,13586,8,68,0.69549959897995,8
8813,15717,3,97,0.6667079329490662,3
8815,4149,2,563,0.6021254658699036,2
8818,18307,4,53,0.6863861083984375,4
8820,18307,4,38,0.663031280040741,4
8829,17453,2,489,0.6098280549049377,2
8832,10752,5,866,0.5636812448501587,5
8860,8155,5,608,0.6113775372505188,5
8866,17530,2,1276,0.4494379162788391,2
8877,1609,2,445,0.5868447422981262,2
8897,8535,2,598,0.5864956974983215,2
8931,9118,3,633,0.590242326259613,3
8944,18319,10,209,0.6179772019386292,10
8964,18030,6,376,0.6230854392051697,6
8969,15570,8,818,0.548532247543335,8
8974,11060,2,613,0.583084762096405,2
8975,18195,4,128,0.652948260307312,4
8976,18324,3,761,0.5671549439430237,3
9000,18325,2,681,0.6026935577392578,2
9003,14652,4,397,0.6343806982040405,4
9014,1934,3,33,0.7155183553695679,3
9019,18068,1,418,0.5999142527580261,1
9027,7168,2,572,0.5856315493583679,2
9044,17825,3,888,0.5592896938323975,3
9045,1929,2,499,0.5921911001205444,2
9100,2998,9,436,0.608734130859375,9
9122,18319,5,488,0.6065452098846436,5
9126,15258,10,95,0.6649612784385681,10
9131,15755,1,238,0.6140103340148926,1
9185,5318,4,20,0.7348424196243286,4
9204,653,5,407,0.6094195246696472,5
9207,653,3,723,0.5890953540802002,3
9229,18145,2,995,0.5312240123748779,2
9263,661,5,319,0.6364189386367798,5
9280,14827,2,476,0.6075580716133118,2
9307,665,3,76,0.6787055730819702,3
9359,17513,4,179,0.6483001708984375,4
9365,10110,1,171,0.6398686766624451,1
9372,719,6,278,0.621670663356781,6
9381,7089,2,385,0.615851104259491,2
9403,14592,10,7,0.680008590221405,10
9416,13514,3,565,0.5457798838615417,3
9433,1402,3,18,0.7402123808860779,3
9519,13795,4,17,0.7198387384414673,4
9530,9635,3,28,0.68367600440979,3
9544,13210,6,4,0.7306250929832458,6
9591,15250,2,345,0.6232077479362488,2
9599,10930,4,1049,0.533532440662384,4
9616,689,2,536,0.5978054404258728,2
9624,1578,2,406,0.6006515026092529,2
9646,11397,2,645,0.557313859462738,2
9724,7551,3,845,0.5400987863540649,3
9728,4901,6,1056,0.5457581281661987,6
9735,3118,8,1309,0.4815218448638916,8
9751,12340,3,939,0.5567894577980042,3
9776,18112,2,414,0.5894541144371033,2
9777,14986,3,716,0.5430924892425537,3
9797,2363,2,2,0.8454381823539734,2
9799,18287,6,9,0.7396213412284851,6
9811,3389,4,82,0.6573064923286438,4
9817,708,2,993,0.5354506373405457,2
9825,12446,2,10,0.7061032652854919,2
9886,15403,3,844,0.5663039088249207,3
9888,18137,5,231,0.6016490459442139,5
9896,14617,5,673,0.5726315379142761,5
9903,12570,4,417,0.5984019637107849,4
9941,15854,2,17,0.7718302607536316,2
9945,6750,1,10,0.7910230159759521,1
9947,1354,2,116,0.6266526579856873,2
9951,8921,9,286,0.6323652267456055,9
9970,727,4,16,0.7335984110832214,4
9974,16789,2,252,0.6284727454185486,2
9994,12429,1,393,0.5812248587608337,1
10011,2853,3,2,0.832802951335907,3
10014,17437,2,288,0.6177185773849487,2
10033,12690,3,626,0.5970710515975952,3
10123,738,4,975,0.5014049410820007,4
10125,17388,4,58,0.678088366985321,4
10146,18258,7,8,0.7081581950187683,7
10154,8999,2,61,0.6777344942092896,2
10156,743,2,240,0.6570063233375549,2
10207,18272,2,9,0.7359949946403503,2
10242,18200,3,36,0.6939642429351807,3
10274,14687,3,198,0.6416944265365601,3
10281,11385,2,805,0.5216627717018127,2
10323,4874,2,508,0.5977343916893005,2
10349,14706,2,7,0.7686723470687866,2
10350,762,2,860,0.5835412740707397,2
10362,763,3,54,0.7025625109672546,3
10372,6353,2,64,0.6783870458602905,2
10374,5750,3,11,0.6991021633148193,3
10384,17891,1,208,0.6037206053733826,1
10386,18320,10,649,0.5187487602233887,10
10387,18320,3,409,0.5903820395469666,3
10388,18316,4,9,0.7283118367195129,4
10414,8991,4,868,0.5651816725730896,4
10418,1227,3,1191,0.49731555581092834,3
10421,16178,3,227,0.6179425716400146,3
10447,7919,2,172,0.6451448798179626,2
10464,10788,2,973,0.5288762450218201,2
10480,17883,2,1190,0.4942342936992645,2
10486,12577,3,933,0.5171927213668823,3
10491,17068,2,532,0.5867096781730652,2
10505,16803,3,232,0.6316714882850647,3
10516,14467,3,611,0.5904092192649841,3
10522,14568,2,475,0.5981990694999695,2
10530,1245,2,698,0.5346063375473022,2
10570,9186,3,74,0.7011646628379822,3
10572,9621,2,224,0.6539364457130432,2
10589,4698,2,237,0.6325573325157166,2
10604,3204,2,770,0.5565666556358337,2
10605,17566,2,310,0.6131787896156311,2
10624,18216,3,30,0.6890653967857361,3
10640,3178,5,55,0.6470653414726257,5
10647,3114,5,763,0.5401195883750916,5
10651,7381,1,270,0.631380021572113,1
10654,8143,3,25,0.6844860315322876,3
10656,8657,3,125,0.6522506475448608,3
10659,18278,4,312,0.6126596331596375,4
10664,2061,3,542,0.5998038053512573,3
10666,14393,5,99,0.6693593263626099,5
10669,4294,2,1307,0.43804770708084106,2
10682,16043,4,980,0.5280823111534119,4
10709,13451,2,376,0.6411371231079102,2
10740,3485,2,321,0.6282663345336914,2
10744,5106,3,440,0.6122505068778992,3
10766,926,2,193,0.6054301857948303,2
10808,5027,2,196,0.6523435711860657,2
10823,804,3,16,0.7429711222648621,3
10838,11213,2,1060,0.5209349989891052,2
10843,7375,3,652,0.5984761118888855,3
10854,3076,6,1138,0.5416467785835266,6
10861,13527,2,723,0.580336332321167,2
10864,17085,6,439,0.6042096018791199,6
10880,18307,2,56,0.6989187598228455,2
10881,18307,8,96,0.6612603664398193,8
10883,18244,4,157,0.653758704662323,4
10884,18307,2,16,0.7114883661270142,2
10887,18227,2,274,0.6319670081138611,2
10888,18133,3,55,0.6654165983200073,3
10891,10047,7,57,0.6798437237739563,7
10893,8955,10,120,0.6607415080070496,10
10900,15948,2,27,0.7199351191520691,2
10907,18307,4,375,0.6106662750244141,4
10910,16674,4,420,0.626619279384613,4
10928,18258,5,41,0.697650134563446,5
10934,14851,2,374,0.6185988187789917,2
10935,17435,2,854,0.5633717179298401,2
10944,2508,2,832,0.5660495162010193,2
10993,17917,6,376,0.6163380742073059,6
10994,17007,2,808,0.5582554936408997,2
10995,17437,2,335,0.6143335103988647,2
11022,18287,6,413,0.5890306830406189,6
11031,1784,2,64,0.6614571213722229,2
11064,15569,3,86,0.6686374545097351,3
11089,4826,2,18,0.7039843201637268,2
11092,11276,3,306,0.6392318606376648,3
11128,12387,1,684,0.5729636549949646,1
11138,16359,1,590,0.5718647241592407,1
11142,17086,5,503,0.5607404112815857,5
11149,5370,1,854,0.5827714204788208,1
11158,839,2,252,0.6364635825157166,2
11162,2434,2,4,0.7956985235214233,2
11177,3216,1,448,0.6103558540344238,1
11186,845,2,392,0.615940272808075,2
11199,12613,4,590,0.5752503275871277,4
11232,18318,2,1096,0.5189338326454163,2
11268,17280,1,132,0.6820927858352661,1
11274,16665,3,89,0.6754462718963623,3
11306,4799,3,260,0.6667701601982117,3
11331,2083,6,614,0.5906488299369812,6
11335,10668,3,68,0.7022385001182556,3
11338,6388,2,757,0.5950896143913269,2
11343,3969,8,849,0.5307342410087585,8
11361,5006,3,62,0.6820263862609863,3
11404,18318,2,20,0.716084897518158,2
11452,15117,5,148,0.6563076376914978,5
11483,10718,2,494,0.5907720923423767,2
11484,3287,3,138,0.6786777973175049,3
11498,5026,3,27,0.7357313632965088,3
11512,13876,2,400,0.6199068427085876,2
11528,2289,2,112,0.6489511728286743,2
11576,8125,4,60,0.6535670161247253,4
11598,18334,4,25,0.6702999472618103,4
11603,1939,6,154,0.6651752591133118,6
11629,17954,10,44,0.7020714282989502,10
11632,16103,4,166,0.6824405789375305,4
11646,17943,6,145,0.6485461592674255,6
11656,18064,6,258,0.6393833160400391,6
11681,18326,7,123,0.6645657420158386,7
11704,889,2,572,0.5798103213310242,2
11722,18307,2,33,0.6747686862945557,2
11757,3718,5,34,0.7123306393623352,5
11763,8267,1,33,0.706261157989502,1
11814,9853,2,417,0.6243391633033752,2
11818,14423,3,252,0.6543185114860535,3
11848,10233,4,12,0.69488525390625,4
11863,12901,3,147,0.6566666960716248,3
11874,918,2,1022,0.5331742167472839,2
11927,18298,4,54,0.6974199414253235,4
11931,1007,3,952,0.5430455803871155,3
11932,927,2,651,0.5624051690101624,2
11944,15354,6,150,0.6506309509277344,6
11953,14850,4,224,0.6575183272361755,4
11956,17407,7,63,0.7000054717063904,7
12035,3181,2,1319,0.45380374789237976,2
12045,16332,7,698,0.5932157635688782,7
12075,18268,3,643,0.5660362243652344,3
12091,10468,2,1272,0.508715808391571,2
12099,11941,2,13,0.7233156561851501,2
12125,18273,2,122,0.6599511504173279,2
12129,16914,2,111,0.6678356528282166,2
12137,17943,3,125,0.6372992992401123,3
12147,6706,5,33,0.7512955069541931,5
12195,12528,2,454,0.6012197732925415,2
12202,18307,2,150,0.6430923938751221,2
12224,9118,10,795,0.5771020650863647,10
12226,18236,1,548,0.600338876247406,1
12232,1651,2,709,0.5545105338096619,2
12265,14751,2,125,0.6577355265617371,2
12270,6879,9,60,0.6619715690612793,9
12294,15705,3,207,0.6477243304252625,3
12306,16791,4,679,0.5996768474578857,4
12314,5163,2,94,0.6930000185966492,2
12340,16791,4,922,0.5744969248771667,4
12342,5119,2,513,0.6129025816917419,2
12355,1118,3,184,0.6535133123397827,3
12375,13373,3,528,0.6077187657356262,3
12409,9866,3,62,0.6665355563163757,3
12410,18307,5,91,0.6704607009887695,5
12443,18333,2,114,0.6591572165489197,2
12451,9405,3,438,0.6067618727684021,3
12455,18320,3,536,0.5673040747642517,3
12484,18298,4,9,0.8035708665847778,4
12498,18315,7,6,0.8014480471611023,7
12525,18276,6,551,0.5644382834434509,6
12526,17086,2,547,0.5527369379997253,2
12528,18287,3,361,0.6196047067642212,3
12532,18307,5,149,0.65101158618927,5
12536,18277,2,649,0.5430179834365845,2
12538,18258,4,12,0.7525221109390259,4
12541,18334,8,42,0.6606011986732483,8
12567,6751,2,68,0.6716002821922302,2
12604,13362,4,41,0.7143753170967102,4
12614,13884,3,291,0.6487486958503723,3
12615,10459,3,143,0.6712947487831116,3
12616,13654,4,41,0.7396063208580017,4
12637,7962,1,1213,0.4948200285434723,1
12643,2881,2,313,0.6415860056877136,2
12644,13316,3,164,0.6570579409599304,3
12655,9233,3,1028,0.5227111577987671,3
12662,18195,7,382,0.6067307591438293,7
12666,13237,2,965,0.5341752171516418,2
12667,15439,1,200,0.6766930222511292,1
12670,4768,2,4,0.7903658747673035,2
12677,8479,3,778,0.5514663457870483,3
12692,14484,2,1056,0.5146631598472595,2
12733,7560,2,627,0.5748888254165649,2
12749,18216,3,132,0.6570043563842773,3
12760,13395,3,103,0.6796225309371948,3
12764,2489,5,1,0.74261075258255,5
12801,18307,4,131,0.6396519541740417,4
12811,16435,2,1017,0.5058309435844421,2
12831,15705,1,450,0.5839042067527771,1
12840,1088,9,821,0.5703917741775513,9
12853,15758,2,5,0.744450032711029,2
12866,14860,4,129,0.6744632124900818,4
12873,17473,2,213,0.6509026885032654,2
12874,8413,2,1168,0.508419394493103,2
12892,4219,2,237,0.6435088515281677,2
12901,4128,2,53,0.6836571097373962,2
12915,9229,6,118,0.6599799990653992,6
12921,4097,3,1,0.8317970633506775,3
12941,3276,3,9,0.7498959302902222,3
12946,14677,2,1139,0.5069867372512817,2
12999,16033,2,361,0.6064173579216003,2
13002,18252,2,110,0.6517755389213562,2
13033,17880,2,102,0.6880949139595032,2
13112,17025,4,17,0.6883959174156189,4
13113,2817,6,31,0.7129003405570984,6
13134,5687,2,190,0.6538435220718384,2
13145,17303,2,134,0.6438765525817871,2
13176,1081,3,1043,0.470660537481308,3
13189,2990,3,160,0.6472248435020447,3
13240,13396,2,1,0.8245384097099304,2
13244,18051,2,290,0.6325563788414001,2
13268,16106,2,299,0.6332582235336304,2
13303,11651,3,189,0.649057149887085,3
13304,17020,2,1041,0.5503807663917542,2
13317,9299,2,614,0.5993809103965759,2
13333,18237,3,233,0.6505104303359985,3
13342,16614,1,126,0.6624755263328552,1
13358,3694,3,1044,0.5384225249290466,3
13376,9009,3,288,0.6468915343284607,3
13387,15195,2,911,0.5088528394699097,2
13395,4304,1,1201,0.5058960318565369,1
13398,6048,2,1166,0.5304439067840576,2
13399,6995,4,4,0.7628569602966309,4
13423,15311,5,1,0.7508978843688965,5
13439,8476,3,62,0.6640382409095764,3
13489,14582,6,42,0.6709460616111755,6
13504,17545,4,1322,0.4954488277435303,4
13518,14883,2,124,0.6664280295372009,2
13530,7663,4,336,0.6048726439476013,4
13562,1133,5,238,0.6272153854370117,5
13623,8756,4,156,0.6478339433670044,4
13660,9687,2,9,0.731525182723999,2
13709,2632,4,724,0.5884885191917419,4
13722,3359,5,637,0.5904922485351562,5
13746,14423,2,332,0.6393696665763855,2
13819,7991,4,846,0.5609831809997559,4
13883,18246,2,836,0.5481523871421814,2
13886,18209,3,742,0.5589485168457031,3
13910,5037,2,622,0.5996749401092529,2
13934,1304,10,176,0.6230946183204651,10
13935,17714,10,24,0.7172759771347046,10
13944,5765,2,332,0.634612500667572,2
14048,13369,2,5,0.7510327696800232,2
14054,7500,2,173,0.6298362612724304,2
14090,17285,2,345,0.5971235632896423,2
14136,15413,3,91,0.6827405691146851,3
14204,10536,1,829,0.5587605834007263,1
14251,14934,2,652,0.5802481174468994,2
14254,18305,2,14,0.7285769581794739,2
14270,17756,2,681,0.5578123927116394,2
14273,17385,3,62,0.7058925032615662,3
14296,1706,2,23,0.7004051208496094,2
14331,18139,3,1,0.831195056438446,3
14342,16123,3,1249,0.44743338227272034,3
14347,5895,2,223,0.6246355175971985,2
14366,5425,6,314,0.6519004702568054,6
14393,1551,3,2,0.7532556056976318,3
14404,9606,7,304,0.6202725768089294,7
14438,12047,6,375,0.6088790893554688,6
14454,5605,4,32,0.7052518725395203,4
14468,17235,6,1102,0.5478713512420654,6
14479,11554,3,70,0.6767894625663757,3
14594,18208,3,80,0.7061092853546143,3
14625,6599,4,298,0.6335408091545105,4
14674,17616,1,65,0.6955482363700867,1
14682,16270,5,839,0.5772085785865784,5
14683,5968,2,199,0.6225107312202454,2
14694,8301,3,674,0.5455023646354675,3
14714,18274,9,155,0.629208505153656,9
14732,17177,2,670,0.5851079821586609,2
14738,18148,2,10,0.7551020383834839,2
14742,8972,2,1,0.7602976560592651,2
14749,12497,2,97,0.6592127680778503,2
14772,17586,2,164,0.6553880572319031,2
14786,18232,3,995,0.5155479907989502,3
14787,17086,4,542,0.5639220476150513,4
14790,7329,2,26,0.6714288592338562,2
14791,11551,2,229,0.6386579871177673,2
14800,17699,2,67,0.6705081462860107,2
14804,6369,4,902,0.5596386790275574,4
14852,18279,3,1154,0.5184841752052307,3
14876,16200,3,139,0.6685975193977356,3
14899,18218,5,828,0.5670402646064758,5
14929,2083,2,128,0.6449446678161621,2
14934,1280,2,48,0.6909014582633972,2
14959,11567,4,104,0.6571996808052063,4
14994,7324,4,171,0.6323277354240417,4
15000,15269,2,103,0.6665184497833252,2
15038,18280,3,569,0.5792723298072815,3
15046,10128,5,129,0.653195858001709,5
15048,7797,2,784,0.5749367475509644,2
15103,2139,2,673,0.5746627449989319,2
15124,12508,8,106,0.6754197478294373,8
15154,15349,2,23,0.6883227825164795,2
15157,13506,1,870,0.49093255400657654,1
15193,18349,4,161,0.6566272377967834,4
15200,13419,1,144,0.6700358390808105,1
15213,1313,2,752,0.5632058382034302,2
15225,4530,3,408,0.6216132044792175,3
15236,9572,3,584,0.5989384651184082,3
15280,5574,3,116,0.6983804106712341,3
15285,3496,4,1146,0.5011828541755676,4
15301,15305,3,819,0.5719120502471924,3
15302,11494,2,2,0.7735682129859924,2
15317,17194,4,184,0.6431910991668701,4
15344,12651,3,30,0.6619369387626648,3
15355,18307,2,80,0.6635887026786804,2
15364,1616,2,175,0.6424990296363831,2
15390,1344,2,645,0.5424326062202454,2
15400,18079,2,132,0.6656518578529358,2
15435,2184,3,589,0.49960094690322876,3
15459,14632,5,73,0.6910635828971863,5
15466,16243,4,623,0.5062398314476013,4
15479,17262,6,717,0.5233045220375061,6
15499,16628,2,135,0.6403259634971619,2
15510,5032,2,1,0.8293405771255493,2
15532,7551,1,960,0.4962788224220276,1
15543,12564,2,109,0.665579080581665,2
15546,4997,4,252,0.6022932529449463,4
15558,17998,2,257,0.6359310746192932,2
15572,8902,1,242,0.5949237942695618,1
15614,18325,4,32,0.6906466484069824,4
15621,12104,2,56,0.6868970990180969,2
15682,15312,6,17,0.7266883850097656,6
15690,14153,3,266,0.6205030679702759,3
15717,2276,7,9,0.6902128458023071,7
15728,9034,3,58,0.6880100965499878,3
15761,14153,2,166,0.6450960040092468,2
15772,5739,3,310,0.6088407039642334,3
15795,6325,2,515,0.5634994506835938,2
15806,6163,10,16,0.727629542350769,10
15808,7479,8,97,0.6709369421005249,8
15822,15536,1,1137,0.45531001687049866,1
15823,17696,2,1239,0.45785650610923767,2
15827,7000,4,4,0.7677297592163086,4
15855,10828,2,175,0.6413407325744629,2
15864,3614,3,8,0.7344971299171448,3
15912,2093,3,36,0.7270681262016296,3
15935,11500,2,281,0.6244348883628845,2
15971,13943,2,864,0.5204891562461853,2
15981,6327,4,569,0.5724803805351257,4
15985,17264,3,795,0.5584082007408142,3
16030,4158,4,173,0.6391307711601257,4
16054,8999,2,776,0.5247275233268738,2
16055,3747,2,1187,0.47681328654289246,2
16085,17824,6,827,0.5084704756736755,6
16099,3541,2,561,0.5606994032859802,2
16105,14565,5,6,0.7297324538230896,5
16174,18098,3,115,0.657232940196991,3
16205,17886,2,137,0.6826062798500061,2
16220,14565,1,452,0.5950610637664795,1
16288,18195,2,603,0.5773102641105652,2
16325,16394,5,1315,0.45548543334007263,5
16411,10478,2,37,0.7090438008308411,2
16421,1739,3,642,0.568755567073822,3
16433,2198,2,196,0.6220784187316895,2
16449,10682,3,711,0.5959984064102173,3
16472,5992,2,211,0.6634349822998047,2
16499,15640,2,1038,0.48287200927734375,2
16501,11986,4,121,0.6808642745018005,4
16533,11467,1,5,0.7487736344337463,1
16535,6848,2,104,0.644383430480957,2
16544,17149,2,418,0.624022364616394,2
16548,1486,3,732,0.6079821586608887,3
16554,16707,2,9,0.7384353280067444,2
16636,9949,2,58,0.6925249695777893,2
16666,18185,5,659,0.5979179739952087,5
16672,11904,3,186,0.6460675597190857,3
16675,18072,2,1189,0.4817717671394348,2
16718,18309,3,94,0.6526535749435425,3
16746,17960,1,673,0.5573822855949402,1
16750,13181,2,18,0.7567065954208374,2
16843,18014,2,258,0.674846351146698,2
16850,14407,8,425,0.6264216303825378,8
16851,13782,2,19,0.7113180160522461,2
16869,1529,2,922,0.5536010265350342,2
16876,15991,3,1081,0.5431823134422302,3
16919,18330,3,28,0.733965277671814,3
16920,17940,2,107,0.6781682372093201,2
16923,17090,5,241,0.6425041556358337,5
16956,18335,3,113,0.6538327932357788,3
16974,16799,2,64,0.7294403910636902,2
16980,10153,3,163,0.6448665261268616,3
17008,17099,3,401,0.6416922211647034,3
17020,8139,4,332,0.6309861540794373,4
17026,16018,2,36,0.6844161152839661,2
17047,14207,3,442,0.6023496985435486,3
17057,10204,2,142,0.665789783000946,2
17060,18307,5,77,0.6717935800552368,5
17071,1553,2,285,0.6368349194526672,2
17087,9450,5,560,0.5797911882400513,5
17101,2093,9,92,0.6685726046562195,9
17121,16953,5,396,0.628169059753418,5
17124,10673,2,232,0.6694139242172241,2
17152,17085,2,495,0.6018931269645691,2
17183,17209,3,888,0.5674732327461243,3
17202,13844,5,69,0.6640620231628418,5
17212,6427,3,468,0.6061171293258667,3
17220,3558,1,32,0.7204542756080627,1
17224,15436,4,83,0.6967265009880066,4
17267,17891,2,486,0.6044835448265076,2
17276,12421,2,250,0.6505916118621826,2
17300,15345,4,58,0.7067764401435852,4
17372,1600,2,509,0.6016291975975037,2
17457,11561,2,98,0.658065676689148,2
17495,13746,4,929,0.5452004671096802,4
17519,7728,2,364,0.6073368191719055,2
17524,5858,2,805,0.5096558928489685,2
17598,12390,2,522,0.576797366142273,2
17631,16332,2,415,0.639604926109314,2
17671,18277,2,400,0.5960875749588013,2
17672,17085,3,909,0.5072879195213318,3
17673,18277,4,503,0.5862538814544678,4
17677,18232,4,861,0.5098373293876648,4
17682,17566,3,199,0.6452049612998962,3
17684,18307,2,380,0.6176379323005676,2
17687,18334,2,103,0.6588510870933533,2
17726,14458,4,271,0.6409242749214172,4
17759,6715,7,347,0.6276659965515137,7
17762,14127,3,1299,0.4423244595527649,3
17766,12513,4,28,0.7046555876731873,4
17802,15592,3,114,0.6629542112350464,3
17838,2113,2,1037,0.5564413666725159,2
17873,12848,2,49,0.7080020308494568,2
17893,1670,2,570,0.5807247757911682,2
17953,17564,1,388,0.630248486995697,1
17991,2971,2,511,0.6237546801567078,2
17995,16729,2,949,0.5375606417655945,2
18018,1690,3,32,0.704575777053833,3
18024,13448,4,1047,0.5344969630241394,4
18025,14224,3,38,0.6916776299476624,3
18031,2858,5,302,0.6307327151298523,5
18039,15079,2,47,0.7068950533866882,2
18047,14827,2,1213,0.4625934064388275,2
18057,3421,4,510,0.6232448816299438,4
18064,1696,2,66,0.6840581297874451,2
18077,18315,2,3,0.7574036121368408,2
18125,12726,2,547,0.6147361993789673,2
18177,15989,2,40,0.7424823641777039,2
18224,1800,2,305,0.6022418141365051,2
18236,16635,3,104,0.6400092244148254,3
18246,10517,2,253,0.6246544122695923,2
18247,18064,1,190,0.6486811637878418,1
18341,17227,2,1342,0.35465365648269653,2
18343,4770,4,26,0.6744486093521118,4
18350,10576,2,2,0.7841408252716064,2
18365,6783,2,19,0.7212008237838745,2
18395,7385,2,586,0.58622807264328,2
18461,5369,2,9,0.754004716873169,2
18470,17742,1,737,0.5662227869033813,1
18593,12414,2,1086,0.513827383518219,2
18602,17453,3,320,0.629006028175354,3
18645,5465,2,42,0.7062265276908875,2
18685,14450,2,826,0.5679177045822144,2
18703,15523,2,823,0.5237265229225159,2
18711,6350,4,269,0.6123175024986267,4
18712,7664,2,1213,0.41176697611808777,2
18724,2743,3,54,0.6987695097923279,3
18778,10204,3,441,0.561252772808075,3
18792,17714,3,233,0.6224574446678162,3
18845,3209,1,886,0.4985061585903168,1
19003,10422,2,139,0.6656611561775208,2
19089,5555,2,482,0.6143081188201904,2
19112,1884,3,682,0.5973407626152039,3
19133,18326,1,270,0.6282867789268494,1
19139,18112,1,1291,0.47300073504447937,1
19140,1866,2,231,0.6372775435447693,2
19156,17724,3,339,0.6389226913452148,3
19182,17521,3,1,0.8046085238456726,3
19205,14676,3,106,0.6788222193717957,3
19224,9447,4,1079,0.5388292670249939,4
19257,12210,3,15,0.7083262801170349,3
19262,18150,3,548,0.5751051902770996,3
19263,11705,1,234,0.6339583396911621,1
19276,1885,4,728,0.6024147868156433,4
19311,5602,1,527,0.566085934638977,1
19318,18209,4,456,0.6047531962394714,4
19354,6295,7,208,0.6299132704734802,7
19377,16132,2,343,0.6272296905517578,2
19408,4834,2,58,0.7131997346878052,2
19415,17473,2,64,0.6918606162071228,2
19484,18261,5,831,0.5791563391685486,5
19490,18023,3,294,0.621485710144043,3
19525,12093,2,575,0.5846127271652222,2
19541,18305,2,86,0.7024885416030884,2
19575,2062,3,618,0.5942413210868835,3
19634,9633,2,1173,0.5013028383255005,2
19663,15607,2,51,0.743771493434906,2
19683,7946,2,612,0.6152729988098145,2
19720,9142,2,161,0.644368588924408,2
19732,18337,2,37,0.688826322555542,2
19854,15569,2,14,0.730570375919342,2
19858,15500,2,287,0.6190698146820068,2
19859,6979,3,27,0.7119368314743042,3
19896,9866,3,209,0.623416543006897,3
19919,5686,4,78,0.6863284111022949,4
19943,15782,1,18,0.725027322769165,1
19947,17227,2,1102,0.49880653619766235,2
19948,18307,8,237,0.6224812865257263,8
19983,17075,6,38,0.6975467801094055,6
20033,2029,4,3,0.728289783000946,4
20038,18315,3,20,0.7349016666412354,3
20043,6335,2,66,0.6569220423698425,2
20047,2030,2,665,0.5766124129295349,2
20051,18307,10,633,0.5921242237091064,10
20056,6970,3,472,0.608311653137207,3
20075,16720,2,1254,0.4557409882545471,2
20085,8761,3,157,0.6965450048446655,3
20106,13980,2,363,0.6207942366600037,2
20107,15253,2,526,0.5816251635551453,2
20166,2045,4,1,0.7798247337341309,4
20186,11187,3,295,0.6295174360275269,3
20190,10107,2,478,0.6069000959396362,2
20217,17523,3,136,0.6421825289726257,3
20219,18195,10,42,0.6595801115036011,10
20277,3637,1,602,0.5832976698875427,1
20278,9740,2,151,0.6645967364311218,2
20332,2075,4,16,0.6722556352615356,4
20352,12477,2,498,0.6248752474784851,2
20369,5489,6,73,0.6859273910522461,6
20387,7000,2,55,0.6808896660804749,2
20412,3451,2,931,0.561359703540802,2
20421,16985,2,180,0.6249966025352478,2
20453,15222,3,158,0.6377331614494324,3
20466,18179,2,88,0.6924234628677368,2
20467,17640,1,294,0.6486254334449768,1
20484,4206,2,589,0.5889953970909119,2
20592,17799,2,175,0.6444610357284546,2
20630,5831,1,181,0.6660991311073303,1
20651,4713,2,3,0.8073999285697937,2
20693,10067,3,88,0.6602347493171692,3
20744,17090,3,295,0.5834295153617859,3
20748,18274,3,608,0.5370376110076904,3
20772,18254,2,428,0.6209850311279297,2
20783,2142,2,344,0.6187432408332825,2
20831,18307,3,34,0.6892951726913452,3
20841,14676,3,263,0.6559024453163147,3
20847,11418,3,1004,0.5466585755348206,3
20851,14188,2,61,0.7055081129074097,2
20853,15782,2,158,0.6608015894889832,2
20854,9326,3,393,0.6143575310707092,3
20872,16200,4,449,0.6002452969551086,4
20887,10977,1,15,0.7321674823760986,1
20904,17393,2,115,0.6902652382850647,2
20922,5220,1,31,0.7376037240028381,1
20937,2173,2,331,0.5976150631904602,2
20938,18334,2,917,0.5491892695426941,2
20958,3469,1,1079,0.5105831027030945,1
20995,4453,2,1135,0.49896737933158875,2
21004,15673,2,88,0.7025390863418579,2
21038,10138,4,26,0.7171891331672668,4
21047,16702,3,91,0.6495503187179565,3
21102,18205,2,229,0.6389225721359253,2
21113,2284,5,11,0.7141057252883911,5
21122,16791,3,181,0.6415607929229736,3
21145,5951,2,115,0.672052800655365,2
21156,11280,3,577,0.5878269672393799,3
21165,14552,3,944,0.5728626251220703,3
21184,17376,2,218,0.6857873797416687,2
21194,17662,3,199,0.672356903553009,3
21203,17071,2,33,0.715347945690155,2
21204,15508,4,686,0.5721868872642517,4
21227,6318,3,47,0.694833517074585,3
21350,6924,3,132,0.6567333340644836,3
21383,2295,6,520,0.5876237750053406,6
21533,15709,1,1101,0.5117427110671997,1
21589,17979,2,264,0.6353245973587036,2
21598,2275,2,147,0.6513898968696594,2
21600,11465,2,785,0.5550827980041504,2
21602,14752,2,22,0.6761552095413208,2
21701,11507,4,192,0.6340451240539551,4
21715,8212,1,548,0.5981457829475403,1
21772,18287,3,204,0.6443437337875366,3
21777,18334,2,61,0.696182906627655,2
21797,18298,4,10,0.7394779324531555,4
21804,5605,2,106,0.6460966467857361,2
21811,2308,2,713,0.5509173274040222,2
21823,13267,2,551,0.5910655856132507,2
21878,17494,2,116,0.6716129183769226,2
21909,10284,3,515,0.599478542804718,3
21923,18287,3,134,0.6469210982322693,3
21927,18307,5,193,0.6354023814201355,5
21941,7191,2,928,0.48287639021873474,2
21944,5503,2,30,0.6908490061759949,2
21963,16074,2,627,0.58510822057724,2
21982,16948,1,193,0.6648473739624023,1
22031,7573,2,51,0.7211963534355164,2
22045,16809,4,629,0.5884563326835632,4
22050,3741,2,658,0.5955840945243835,2
22059,17824,3,55,0.6935207843780518,3
22068,14576,2,819,0.5765056610107422,2
22072,17588,7,884,0.5263381004333496,7
22085,13576,2,260,0.6653710007667542,2
22180,6169,4,1073,0.5099851489067078,4
22219,5706,4,1,0.7785875201225281,4
22224,15249,2,544,0.5951893329620361,2
22357,11536,3,640,0.5894281268119812,3
22362,18281,3,282,0.6139209866523743,3
22386,4277,2,316,0.626937210559845,2
22399,18254,1,274,0.598417341709137,1
22549,18281,3,84,0.6678584814071655,3
22556,15601,2,561,0.5899909138679504,2
22562,15334,1,11,0.7396346926689148,1
22613,17352,3,1343,0.42774295806884766,3
22630,18320,5,540,0.5687381029129028,5
22638,2483,2,1,0.770442545413971,2
22732,7713,3,712,0.572619616985321,3
22746,13014,2,1319,0.42638859152793884,2
22749,17816,2,74,0.6825889945030212,2
22774,15721,2,50,0.7404301166534424,2
22805,15545,1,13,0.7751626968383789,1
22839,14074,2,1,0.7423178553581238,2
22910,2537,2,1291,0.4553928077220917,2
22927,11209,2,25,0.7281303405761719,2
22932,13312,2,601,0.6111872792243958,2
22955,18145,2,101,0.704179048538208,2
22960,7215,2,231,0.6531392335891724,2
22967,18298,2,9,0.789420485496521,2
22968,14125,1,644,0.5525521636009216,1
22974,18278,4,617,0.5633408427238464,4
22996,2562,3,110,0.690652072429657,3
23009,13091,2,172,0.700977623462677,2
23099,11865,2,837,0.5566030740737915,2
23111,17316,2,45,0.731541097164154,2
23112,2573,2,255,0.636407196521759,2
23118,2575,3,252,0.6580103039741516,3
23124,13432,2,1037,0.529912531375885,2
23179,9679,2,912,0.5325457453727722,2
23180,7134,2,538,0.5943528413772583,2
23211,8352,3,366,0.6180514693260193,3
23236,17474,1,160,0.6645195484161377,1
23250,18069,2,236,0.6655526757240295,2
23256,13780,1,325,0.6297442317008972,1
23285,18274,2,263,0.6468569040298462,2
23304,3248,2,132,0.644221305847168,2
23327,2600,2,181,0.675192654132843,2
23346,3436,7,1,0.8426305055618286,7
23378,14814,1,500,0.6189863085746765,1
23393,2612,3,37,0.7135676741600037,3
23420,12608,2,137,0.6505436301231384,2
23426,15519,3,890,0.5529541373252869,3
23476,11411,1,233,0.6487609148025513,1
23519,18084,1,671,0.6235074400901794,1
23525,15334,2,506,0.6285327076911926,2
23544,12949,2,1055,0.49483972787857056,2
23602,3783,3,303,0.637164294719696,3
23769,17270,3,83,0.6648469567298889,3
23805,3782,2,395,0.6075668931007385,2
23824,18012,4,205,0.6352257132530212,4
23847,9061,6,3,0.7595367431640625,6
23849,17941,2,613,0.5676044225692749,2
23857,10274,3,234,0.6149203181266785,3
23875,8813,5,465,0.6207470893859863,5
23893,17085,2,359,0.6096794009208679,2
23904,18244,3,376,0.5989020466804504,3
23911,4017,2,382,0.5874571800231934,2
23921,18307,5,217,0.5989943742752075,5
23925,18334,2,54,0.692755937576294,2
23945,7661,3,44,0.7000477313995361,3
23972,15190,3,55,0.7276540398597717,3
23999,4380,2,1223,0.4789067208766937,2
24003,2971,3,235,0.6444546580314636,3
24050,6108,2,71,0.6701176166534424,2
24072,6330,3,3,0.7345830798149109,3
24092,14883,1,1109,0.5150587558746338,1
24155,2770,2,359,0.6426765322685242,2
24243,18244,2,7,0.7367619872093201,2
24274,3994,2,277,0.6438779830932617,2
24335,17539,2,1007,0.5829879641532898,2
24355,17025,5,8,0.7169963121414185,5
24362,9678,3,969,0.521012008190155,3
24407,12340,2,1075,0.5171882510185242,2
24515,18324,5,69,0.7001186609268188,5
24518,15607,4,8,0.743980348110199,4
24572,16096,2,1232,0.4276248514652252,2
24580,2853,2,1289,0.49287471175193787,2
24605,13239,2,205,0.6651843786239624,2
24757,17146,2,530,0.6107233762741089,2
24760,13540,2,449,0.6121269464492798,2
24761,7440,2,839,0.5631677508354187,2
24784,9372,2,388,0.5956876277923584,2
24831,5236,3,937,0.5437496900558472,3
24845,12334,3,40,0.6926844120025635,3
24872,3582,2,36,0.7137306928634644,2
24929,17021,2,1043,0.4997827708721161,2
24952,18164,10,385,0.5978947281837463,10
24957,17943,6,188,0.6192495226860046,6
24962,18307,4,52,0.6585274338722229,4
24964,18209,3,305,0.609407901763916,3
24966,18276,4,334,0.6101659536361694,4
24967,17085,3,767,0.5036804676055908,3
25115,10314,2,120,0.6947835087776184,2
25207,7530,2,153,0.631872832775116,2
25242,15579,1,305,0.6192567944526672,1
25318,14174,2,145,0.6952785849571228,2
25321,17385,2,768,0.5735127925872803,2
25324,15042,3,1,0.7669023871421814,3
25355,13195,2,220,0.6401069760322571,2
25356,11261,4,578,0.5867368578910828,4
25379,11732,3,772,0.571851909160614,3
25382,14176,1,46,0.6689159870147705,1
25395,8525,1,34,0.7287797927856445,1
25399,11922,6,55,0.7142093777656555,6
25403,16300,2,567,0.5974692106246948,2
25544,17862,2,574,0.5883285403251648,2
25580,7349,2,1,0.7906192541122437,2
25586,18320,2,398,0.5695158839225769,2
25591,18273,3,2,0.8531267046928406,3
25604,8796,2,792,0.583568274974823,2
25605,17566,4,294,0.6092322468757629,4
25669,8999,3,217,0.6550897359848022,3
25670,18069,2,271,0.6139506101608276,2
25695,14523,2,11,0.7373844981193542,2
25703,4735,1,21,0.7439822554588318,1
25710,3102,2,420,0.6284119486808777,2
25727,9308,2,321,0.6165738701820374,2
25744,18088,2,529,0.5879837870597839,2
25758,17090,2,88,0.6662212610244751,2
25778,17961,3,807,0.49754926562309265,3
25790,5883,2,55,0.6912379264831543,2
25813,17009,2,617,0.5900160670280457,2
25877,18280,3,307,0.6154989004135132,3
25891,18315,3,279,0.6342398524284363,3
25894,9355,2,389,0.6232858300209045,2
25973,16129,2,43,0.6753820776939392,2
25992,3209,2,6,0.7295705080032349,2
26010,12691,2,810,0.5896174907684326,2
26016,3212,2,1272,0.4564635753631592,2
26020,18130,2,452,0.6079307198524475,2
26021,18278,4,332,0.6044449210166931,4
26046,10985,3,523,0.597845733165741,3
26071,3234,2,285,0.6174206733703613,2
26126,9595,3,48,0.7169994115829468,3
26153,10165,2,173,0.6242615580558777,2
26204,15215,1,1274,0.4288194179534912,1
26218,6921,2,197,0.6766228675842285,2
26223,9124,3,34,0.7354158163070679,3
26280,7774,2,476,0.6243901252746582,2
26307,17325,2,220,0.6701802015304565,2
26309,12262,2,546,0.5791743993759155,2
26324,18316,2,76,0.6761598587036133,2
26383,18307,4,167,0.6293095946311951,4
26405,17441,2,460,0.5698861479759216,2
26410,11168,3,758,0.590212881565094,3
26464,16729,4,308,0.6629247665405273,4
26622,15587,2,21,0.7203821539878845,2
26625,3536,2,177,0.6214677691459656,2
26648,3413,2,953,0.5492386221885681,2
26714,12040,2,165,0.6497512459754944,2
26724,14679,2,235,0.6671833395957947,2
26748,17634,2,274,0.6163660883903503,2
26769,6075,2,962,0.5381179451942444,2
26770,16149,1,437,0.6285006403923035,1
26775,17802,2,517,0.596474826335907,2
26778,17219,1,571,0.5734720230102539,1
26789,17900,2,684,0.5605684518814087,2
26856,18045,2,425,0.6223588585853577,2
26882,6936,2,73,0.6714609265327454,2
26912,11202,3,99,0.6516568064689636,3
26920,18279,5,510,0.5865506529808044,5
26922,18298,2,29,0.7269536852836609,2
26986,5207,3,219,0.6429798603057861,3
27080,15199,1,379,0.6375048160552979,1
27108,14355,1,1,0.8863210678100586,1
27180,18313,1,94,0.652507483959198,1
27203,18010,2,347,0.6130895018577576,2
27225,9002,1,1179,0.5219462513923645,1
27228,18214,2,733,0.5864078998565674,2
27260,18244,2,1084,0.5173835158348083,2
27278,4517,3,310,0.6455204486846924,3
27292,15859,2,502,0.6036439538002014,2
27340,3972,1,117,0.7163910865783691,1
27348,4173,4,136,0.706273078918457,4
27438,7289,2,1142,0.4839392602443695,2
27554,11804,2,373,0.6338688135147095,2
27606,7919,3,7,0.7487658858299255,3
27645,14076,3,11,0.721110999584198,3
27664,10739,2,979,0.5334791541099548,2
27696,9738,2,193,0.6399692893028259,2
27777,14318,2,1315,0.4079402983188629,2
27794,15318,2,1080,0.5622304081916809,2
27945,14590,5,1,0.7961283922195435,5
27976,7753,3,73,0.6999281644821167,3
27987,3887,2,139,0.6512503027915955,2
27990,15436,3,122,0.6502030491828918,3
28012,9956,3,527,0.6047998666763306,3
28023,6041,2,660,0.5759403109550476,2
28092,13680,2,9,0.7144766449928284,2
28105,3952,3,33,0.6873908638954163,3
28148,18311,2,28,0.7175456285476685,2
28166,18334,3,24,0.6994351744651794,3
28233,16055,4,519,0.6253143548965454,4
28253,17751,2,54,0.6672661900520325,2
28261,11102,3,253,0.6318268179893494,3
28281,18326,7,117,0.6439914107322693,7
28317,9450,3,595,0.5464439392089844,3
28331,4052,2,254,0.643799901008606,2
28421,18296,2,1,0.7982496619224548,2
28447,17849,2,745,0.5998697876930237,2
28450,17666,2,6,0.7640263438224792,2
28517,15275,2,66,0.6752657294273376,2
28520,4125,2,984,0.5652623176574707,2
28526,18236,2,265,0.6272599101066589,2
28537,12270,2,8,0.7424682378768921,2
28554,18331,2,81,0.7095944285392761,2
28582,4120,2,147,0.7029923796653748,2
28619,10644,3,743,0.5912127494812012,3
28643,17825,2,954,0.5212579369544983,2
28712,17430,2,12,0.7155734896659851,2
28931,17813,2,1,0.9378110766410828,2
28992,16178,2,406,0.6021154522895813,2
28997,18279,3,692,0.5279236435890198,3
29050,18243,1,398,0.612968385219574,1
29093,5033,2,106,0.6780184507369995,2
29140,13368,2,171,0.6832877993583679,2
29169,18030,2,335,0.6227496266365051,2
29242,10920,2,41,0.7150057554244995,2
29275,18333,1,373,0.5380641222000122,1
29282,16043,2,560,0.5951301455497742,2
29296,11969,3,400,0.6162512898445129,3
29311,18313,10,124,0.6565715670585632,10
29350,18331,2,48,0.7309241890907288,2
29353,10884,3,605,0.5847148895263672,3
29371,7926,2,580,0.5475937724113464,2
29373,18290,2,169,0.628244161605835,2
29486,4441,2,717,0.5798518657684326,2
29491,13557,1,392,0.646352231502533,1
29543,17805,3,338,0.6303206086158752,3
29584,7349,1,1063,0.4682191014289856,1
29596,7674,2,281,0.6289429068565369,2
29720,13495,3,1016,0.5419719815254211,3
29759,12523,3,1100,0.4939895570278168,3
29781,17588,2,279,0.6308296918869019,2
29783,18276,6,211,0.6343271136283875,6
29791,18307,3,202,0.6292264461517334,3
29842,18334,3,51,0.6800787448883057,3
29843,14145,2,54,0.6866276264190674,2
29847,16349,2,40,0.7023987174034119,2
29874,6337,2,74,0.7174773216247559,2
29892,11596,3,375,0.6174430251121521,3
29895,15709,4,89,0.6560864448547363,4
29918,17003,1,26,0.7251076102256775,1
29941,18265,3,18,0.7159990072250366,3
30073,18288,1,123,0.6720499992370605,1
30103,8135,2,463,0.5923885107040405,2
30154,4868,2,144,0.6598272323608398,2
30345,16068,2,28,0.7281739115715027,2
30444,17090,8,88,0.6653557419776917,8
30451,18309,3,35,0.6899846196174622,3
30454,18276,6,330,0.5916169285774231,6
30455,18280,4,127,0.6653456687927246,4
30577,11570,2,160,0.631174623966217,2
30704,5186,2,385,0.6183424592018127,2
30725,14604,2,325,0.6004382371902466,2
30886,9383,2,442,0.636325478553772,2
30946,5305,3,126,0.6686754822731018,3
30957,18261,3,59,0.6872134804725647,3
30974,15606,2,2,0.786596953868866,2
30976,18347,5,949,0.5177865624427795,5
31077,11144,2,342,0.6216139197349548,2
31079,18355,2,185,0.6522863507270813,2
31135,8813,2,1211,0.5403239130973816,2
31287,18290,3,208,0.6085910201072693,3
31303,6345,3,251,0.6410940885543823,3
31313,17991,2,130,0.6573308110237122,2
31364,18255,2,88,0.7078786492347717,2
31386,10110,3,405,0.5880088210105896,3
31431,17566,2,256,0.6271864771842957,2
31445,18307,3,190,0.6407899260520935,3
31487,5686,2,42,0.6862035393714905,2
31545,18307,5,161,0.6455923318862915,5
31669,18044,2,174,0.6260148286819458,2
31686,9968,2,784,0.5748724341392517,2
31688,10251,2,566,0.5991412401199341,2
31762,14841,1,127,0.7083010077476501,1
31773,8308,3,406,0.6262651085853577,3
31774,5868,2,415,0.6381616592407227,2
31778,11023,2,169,0.631953239440918,2
31803,18250,6,14,0.7417348027229309,6
31818,18307,3,102,0.676123857498169,3
31864,14601,2,343,0.6531667113304138,2
31910,10152,2,140,0.6855639219284058,2
31936,13064,1,1144,0.5328366756439209,1
32040,18289,3,121,0.6979682445526123,3
32082,11615,2,20,0.7301709055900574,2
32154,18349,3,1132,0.49213773012161255,3
32518,18334,2,29,0.7241341471672058,2
32556,13328,2,12,0.7322356104850769,2
32631,17566,3,356,0.5962529182434082,3
32635,13448,1,1048,0.4853167235851288,1
32673,18261,2,31,0.7028982639312744,2
32681,18272,3,48,0.6724406480789185,3
32704,15563,2,66,0.7287392020225525,2
32746,17266,1,17,0.7480582594871521,1
32750,18281,2,169,0.6225256323814392,2
32818,18307,4,99,0.6760640144348145,4
32856,18231,3,214,0.6761435866355896,3
32858,17437,1,447,0.6086707711219788,1
32884,13348,2,958,0.5571709275245667,2
32912,15063,2,985,0.5120181441307068,2
32938,16049,2,666,0.5897690653800964,2
32954,10861,1,98,0.6786242723464966,1
32996,18334,3,117,0.6629319787025452,3
33081,17441,1,1,0.8377642631530762,1
33116,18315,2,134,0.6633325219154358,2
33155,9944,3,198,0.63484787940979,3
33156,18274,5,356,0.6057795286178589,5
33159,18307,2,44,0.7001277208328247,2
33166,18307,2,117,0.6580230593681335,2
33184,11226,2,3,0.7771109938621521,2
33275,7091,2,714,0.6106182336807251,2
33432,17188,2,703,0.5777440071105957,2
33482,18177,3,443,0.5879448652267456,3
33502,12335,2,1082,0.537510097026825,2
33611,18307,5,164,0.6428912281990051,5
33614,18334,3,46,0.6975437998771667,3
33655,16935,1,520,0.6061301827430725,1
33659,18309,3,102,0.6576724052429199,3
33690,18307,2,189,0.6288564205169678,2
33786,18287,3,125,0.6403681635856628,3
33851,17477,2,367,0.6541996598243713,2
33913,13873,3,190,0.635894775390625,3
34025,18290,2,98,0.648533046245575,2
34085,14757,1,773,0.519655704498291,1
34141,18187,2,404,0.6006571650505066,2
34248,17464,2,286,0.647881805896759,2
34252,18334,2,14,0.7127362489700317,2
34273,18278,4,497,0.5392541885375977,4
34295,17303,1,118,0.7062544226646423,1
34360,16157,2,258,0.6583699584007263,2
34404,18290,3,97,0.6802371144294739,3
34423,17090,5,25,0.6884786486625671,5
34424,18261,3,49,0.6928934454917908,3
34432,14400,2,188,0.6360254287719727,2
34482,18252,2,191,0.6588778495788574,2
34491,18315,3,1,0.8122920989990234,3
34604,18315,3,62,0.6637939214706421,3
34626,18326,5,201,0.6112083792686462,5
34804,12274,1,92,0.6854701638221741,1
34836,17261,2,16,0.6828047633171082,2
34837,18190,3,236,0.6522901058197021,3
34949,16948,2,89,0.7267276644706726,2
34968,10130,2,138,0.6438615322113037,2
34979,10153,2,519,0.5835407376289368,2
34989,18352,1,59,0.6942286491394043,1
35016,18195,2,224,0.6077627539634705,2
35022,18307,2,320,0.6151160597801208,2
35031,18307,3,142,0.6536485552787781,3
35033,18258,3,139,0.6636525988578796,3
35044,18352,1,679,0.549297034740448,1
35058,18298,2,15,0.7362077236175537,2
35059,18309,2,40,0.6650930643081665,2
35068,18356,3,164,0.6285820007324219,3
35087,18346,4,297,0.6120814681053162,4
35089,16492,2,75,0.6960219740867615,2
35094,12924,2,330,0.6411114931106567,2
35098,18209,2,304,0.6044076085090637,2
35103,18334,2,28,0.6976326704025269,2
35104,18334,2,3,0.7569963932037354,2
35110,18307,3,144,0.6604304909706116,3
35122,18309,2,307,0.6232388615608215,2
35133,15755,2,272,0.649503767490387,2
35214,18341,3,6,0.7540615797042847,3
35218,18334,3,24,0.7142137289047241,3
35227,11501,2,1307,0.47063741087913513,2
35252,17943,2,315,0.6046099066734314,2
35256,17588,2,755,0.5308851599693298,2
35262,18276,2,159,0.6545520424842834,2
35280,18327,2,14,0.7494319677352905,2
35296,17588,3,498,0.5695227384567261,3
35391,18307,2,288,0.6004209518432617,2
35419,18287,2,131,0.6442012190818787,2
35446,18290,2,40,0.6971219182014465,2
35458,18356,2,267,0.6120213866233826,2
35470,18352,1,59,0.6942286491394043,1
35515,17090,2,503,0.5598682761192322,2
35526,18146,6,61,0.6910672187805176,6
35529,18134,3,765,0.546221137046814,3
35572,18356,2,178,0.6509144306182861,2
35575,18280,4,123,0.6279215216636658,4
35579,18237,1,190,0.6519973278045654,1
35588,18248,2,28,0.6926121115684509,2
