row_id,user,target,prefix_length,history_group,interest_diversity,semantic_gap,best_history_image_similarity,best_history_text_similarity,gap_quartile,gap_group,diversity_group
0,8,6716,3,2-3,0.781381294131279,0.4773678779602051,0.35662421584129333,0.5641341209411621,1,Q1-low,High
1,15,6937,4,4-5,0.6719349324703217,0.7307190895080566,0.22950652241706848,0.2792245149612427,3,Q3,Low
2,16,5479,3,2-3,0.6673492193222046,0.5979577898979187,0.22047121822834015,0.4474349617958069,1,Q1-low,Low
3,39,737,5,4-5,0.72504922747612,0.6320201456546783,0.2607879638671875,0.3947778344154358,2,Q2,Medium
4,41,5198,1,1,,0.7175945341587067,0.4182281494140625,0.24844978749752045,3,Q3,Single-history
5,45,5439,5,4-5,0.7010861933231354,0.5464388132095337,0.2909182012081146,0.49422192573547363,1,Q1-low,Medium
6,47,1,10,>=6,0.7523233890533447,0.7019138932228088,0.11550836265087128,0.3437305688858032,3,Q3,High
7,73,1725,2,2-3,0.6907964050769806,0.7290046811103821,0.21462589502334595,0.2850876450538635,3,Q3,Medium
8,80,4,3,2-3,0.7608064562082291,0.6119290888309479,0.29069629311561584,0.41241455078125,1,Q1-low,High
9,219,7038,10,>=6,0.740170419216156,0.4685524106025696,0.32470113039016724,0.5831341743469238,1,Q1-low,Medium
10,345,6640,3,2-3,0.676170140504837,0.752374604344368,0.18585345149040222,0.26306837797164917,4,Q4-high,Low
11,369,6829,1,1,,0.8303176462650299,0.12542548775672913,0.18074657022953033,4,Q4-high,Single-history
12,402,13,2,2-3,0.8195799291133881,0.6962418854236603,0.24099604785442352,0.3194486200809479,3,Q3,High
13,436,2453,5,4-5,0.7397377490997314,0.6888152956962585,0.2671535611152649,0.3221924901008606,2,Q2,Medium
14,525,6800,6,>=6,0.6822162568569183,0.6040926575660706,0.20456895232200623,0.44374194741249084,1,Q1-low,Low
15,540,6528,5,4-5,0.7365806400775909,0.491693913936615,0.32652899622917175,0.5537503361701965,1,Q1-low,Medium
16,557,7010,2,2-3,0.7232136428356171,0.28510206937789917,0.4660758674144745,0.7771034240722656,1,Q1-low,Medium
17,595,7008,4,4-5,0.6917248666286469,0.611329048871994,0.3336995840072632,0.4024137854576111,1,Q1-low,Medium
18,640,3940,1,1,,0.7718314528465271,0.1814253181219101,0.2398543655872345,4,Q4-high,Single-history
19,644,6981,4,4-5,0.7085693180561066,0.40474754571914673,0.6759247183799744,0.575084388256073,1,Q1-low,Medium
20,645,6997,5,4-5,0.7339000403881073,0.6629886031150818,0.5261374115943909,0.28972989320755005,2,Q2,Medium
21,677,4364,3,2-3,0.6552516520023346,0.6286744177341461,0.4086782932281494,0.3619873821735382,2,Q2,Low
22,688,7009,9,>=6,0.698462963104248,0.4573326110839844,0.4682767987251282,0.5612649917602539,1,Q1-low,Medium
23,713,6938,4,4-5,0.6985373198986053,0.5201897919178009,0.2896283268928528,0.5273556709289551,1,Q1-low,Medium
24,745,6353,2,2-3,0.7440441250801086,0.623726099729538,0.12522634863853455,0.4390357732772827,2,Q2,Medium
25,755,4648,1,1,,0.8070572316646576,0.16548870503902435,0.19980627298355103,4,Q4-high,Single-history
26,802,7032,5,4-5,0.746295154094696,0.31814658641815186,0.35595810413360596,0.7633272409439087,1,Q1-low,Medium
27,806,6941,3,2-3,0.7140848636627197,0.6255183517932892,0.292209655046463,0.3950496315956116,2,Q2,Medium
28,818,6503,2,2-3,0.7257949411869049,0.6373090744018555,0.21523116528987885,0.39955586194992065,2,Q2,Medium
29,832,2539,2,2-3,0.7491695582866669,0.8172963261604309,0.1625659167766571,0.1877381056547165,4,Q4-high,Medium
30,845,957,2,2-3,0.7850296348333359,0.566888153553009,0.18280845880508423,0.49568766355514526,1,Q1-low,High
31,885,2914,2,2-3,0.5500749945640564,0.706525444984436,0.23949086666107178,0.3069704473018646,3,Q3,Low
32,903,1292,4,4-5,0.6222238540649414,0.6475669741630554,0.18757902085781097,0.3936465084552765,2,Q2,Low
33,923,4899,3,2-3,0.7038911581039429,0.5384033918380737,0.2911372780799866,0.50421142578125,1,Q1-low,Medium
34,992,6640,3,2-3,0.6843714416027069,0.7615044116973877,0.2777140736579895,0.228690966963768,4,Q4-high,Low
35,1022,6996,4,4-5,0.7553475648164749,0.7300999462604523,0.21022015810012817,0.284820020198822,3,Q3,High
36,1028,1455,10,>=6,0.6980524361133575,0.5782285332679749,0.21519412100315094,0.4734157919883728,1,Q1-low,Medium
37,1059,5781,2,2-3,0.7728547006845474,0.8008211702108383,0.06353899836540222,0.23308879137039185,4,Q4-high,High
38,1060,6771,4,4-5,0.6944016516208649,0.6655149757862091,0.22989365458488464,0.36063286662101746,2,Q2,Medium
39,1082,6800,5,4-5,0.7639840543270111,0.5842146873474121,0.24941085278987885,0.45737892389297485,1,Q1-low,High
40,1122,6500,1,1,,0.7672060430049896,0.38270604610443115,0.19531592726707458,4,Q4-high,Single-history
41,1127,1754,2,2-3,0.7317181825637817,0.8224514424800873,0.232758030295372,0.163746178150177,4,Q4-high,Medium
42,1133,4653,1,1,,0.8121465742588043,0.07599995285272598,0.21581679582595825,4,Q4-high,Single-history
43,1155,6997,9,>=6,0.7370198965072632,0.6097907423973083,0.18546217679977417,0.44139599800109863,1,Q1-low,Medium
44,1178,6974,3,2-3,0.7975972294807434,0.7526321858167648,0.2901403307914734,0.23667466640472412,4,Q4-high,High
45,1181,6714,2,2-3,0.7654452621936798,0.7225174307823181,0.12491340935230255,0.31562483310699463,3,Q3,High
46,1230,2402,4,4-5,0.6995637118816376,0.5040887296199799,0.2284272015094757,0.5627822875976562,1,Q1-low,Medium
47,1269,7039,3,2-3,0.7491035759449005,0.6756314337253571,0.22063764929771423,0.3503012955188751,2,Q2,Medium
48,1275,957,2,2-3,0.5818783044815063,0.813246488571167,0.11689580976963043,0.20421794056892395,4,Q4-high,Low
49,1277,1828,4,4-5,0.6245841085910797,0.654805600643158,0.26936769485473633,0.3641510605812073,2,Q2,Low
50,1295,7017,2,2-3,0.7856731712818146,0.729853481054306,0.3268515467643738,0.2559702396392822,3,Q3,High
51,1359,1291,2,2-3,0.6467179954051971,0.7759779542684555,0.29684746265411377,0.20581568777561188,4,Q4-high,Low
52,1384,6715,3,2-3,0.8349963426589966,0.6889428496360779,0.1693689525127411,0.3464791774749756,2,Q2,High
53,1392,6874,6,>=6,0.8029570132493973,0.5974392592906952,0.24038219451904297,0.4431053400039673,1,Q1-low,High
54,1450,828,2,2-3,0.8283707201480865,0.620610922574997,0.17642030119895935,0.4301312565803528,1,Q1-low,High
55,1463,7029,1,1,,0.7414377331733704,0.1417027711868286,0.2877771258354187,3,Q3,Single-history
56,1547,6759,3,2-3,0.8948023989796638,0.7574201375246048,0.28559890389442444,0.2318250983953476,4,Q4-high,High
57,1588,7010,6,>=6,0.7412101924419403,0.6095681190490723,0.5420336723327637,0.35253143310546875,1,Q1-low,Medium
58,1590,5781,4,4-5,0.8111487627029419,0.6942396759986877,0.24183744192123413,0.3217410147190094,3,Q3,High
59,1602,6993,3,2-3,0.6810800731182098,0.5570327341556549,0.26346510648727417,0.4878428280353546,1,Q1-low,Low
60,1636,1744,8,>=6,0.744120329618454,0.5670823156833649,0.2603769898414612,0.4760528802871704,1,Q1-low,Medium
61,1653,59,4,4-5,0.7297733128070831,0.73435178399086,0.22487983107566833,0.27584031224250793,3,Q3,Medium
62,1670,6941,7,>=6,0.7437315583229065,0.6466437876224518,0.20984430611133575,0.38923418521881104,2,Q2,Medium
63,1686,3805,3,2-3,0.7029289305210114,0.7334856688976288,0.1981135904788971,0.28361451625823975,3,Q3,Medium
64,1694,6941,4,4-5,0.749016135931015,0.4823327660560608,0.5331730246543884,0.5137907862663269,1,Q1-low,Medium
65,1707,6986,4,4-5,0.7491627633571625,0.806105837225914,0.19612355530261993,0.19333681464195251,4,Q4-high,Medium
66,1710,6590,4,4-5,0.6233222782611847,0.7297310531139374,0.13401280343532562,0.304332971572876,3,Q3,Low
67,1711,3942,2,2-3,0.7347134053707123,0.7564727663993835,0.32740092277526855,0.22255879640579224,4,Q4-high,Medium
68,1715,6722,3,2-3,0.730789452791214,0.582091361284256,0.19159072637557983,0.4744880795478821,1,Q1-low,Medium
69,1837,4764,2,2-3,0.6820222735404968,0.6217464208602905,0.44221511483192444,0.36226320266723633,1,Q1-low,Low
70,1845,72,3,2-3,0.6696977615356445,0.4345943331718445,0.45700404047966003,0.5925060510635376,1,Q1-low,Low
71,1848,6742,2,2-3,0.6212576925754547,0.7631048858165741,0.2436392456293106,0.23520907759666443,4,Q4-high,Low
72,1851,4577,5,4-5,0.7160974144935608,0.7336010932922363,0.2284216284751892,0.2758932113647461,3,Q3,Medium
73,1873,6496,3,2-3,0.7244924604892731,0.5201238691806793,0.289389431476593,0.5274977684020996,1,Q1-low,Medium
74,1883,6559,7,>=6,0.7583599835634232,0.6657761633396149,0.283942312002182,0.3467941880226135,2,Q2,High
75,1907,6943,3,2-3,0.7082885205745697,0.6711965799331665,0.24293208122253418,0.35027122497558594,2,Q2,Medium
76,1920,6974,2,2-3,0.7024487853050232,0.7752720713615417,0.2084241360425949,0.2288038581609726,4,Q4-high,Medium
77,1924,7008,4,4-5,0.7883355021476746,0.6094971001148224,0.29852259159088135,0.4134979844093323,1,Q1-low,High
78,1966,6381,9,>=6,0.6927889287471771,0.6276330351829529,0.22839109599590302,0.40836089849472046,2,Q2,Medium
79,1969,2621,2,2-3,0.7580289393663406,0.5177876651287079,0.17251993715763092,0.5596354007720947,1,Q1-low,High
80,1976,5021,3,2-3,0.6578445136547089,0.5796230733394623,0.5120532512664795,0.3974578380584717,1,Q1-low,Low
81,1977,3867,2,2-3,0.6023613512516022,0.7108365297317505,0.26848554611206055,0.29433292150497437,3,Q3,Low
82,1983,7028,10,>=6,0.7127610146999359,0.48161303997039795,0.5262601375579834,0.5164186358451843,1,Q1-low,Medium
83,1993,6421,7,>=6,0.5875660181045532,0.7317967414855957,0.15372605621814728,0.29682254791259766,3,Q3,Low
84,2014,5878,2,2-3,0.8383154571056366,0.9116587489843369,0.1270982027053833,0.07865200936794281,4,Q4-high,High
85,2148,6793,2,2-3,0.6391166746616364,0.581290602684021,0.2881804406642914,0.4513416290283203,1,Q1-low,Low
86,2165,6925,2,2-3,0.8105400651693344,0.8081559240818024,0.14267107844352722,0.20413732528686523,4,Q4-high,High
87,2262,844,5,4-5,0.7225877642631531,0.6612957119941711,0.21785639226436615,0.36891627311706543,2,Q2,Medium
88,2270,2365,2,2-3,0.5087338984012604,0.7601391971111298,0.29063573479652405,0.2271670699119568,4,Q4-high,Low
89,2278,6987,2,2-3,0.8298189043998718,0.7366210222244263,0.2969782054424286,0.2549791932106018,3,Q3,High
90,2297,4636,3,2-3,0.8291098922491074,0.5844433307647705,0.23248711228370667,0.4613240361213684,1,Q1-low,High
91,2333,6939,8,>=6,0.741974413394928,0.5317118763923645,0.49832427501678467,0.460779070854187,1,Q1-low,Medium
92,2343,88,4,4-5,0.8369983583688736,0.5667652785778046,0.24963665008544922,0.4791342318058014,1,Q1-low,High
93,2361,7016,1,1,,0.8595410585403442,0.1530650556087494,0.13730742037296295,4,Q4-high,Single-history
94,2369,6528,1,1,,0.7794323563575745,0.15786737203598022,0.23624271154403687,4,Q4-high,Single-history
95,2419,4716,5,4-5,0.6857293248176575,0.6815454661846161,0.08526471257209778,0.37675198912620544,2,Q2,Low
96,2496,6350,4,4-5,0.6989439427852631,0.6182039082050323,0.16267448663711548,0.4365764856338501,1,Q1-low,Medium
97,2530,6889,5,4-5,0.6887394189834595,0.6640244126319885,0.3593875467777252,0.33012259006500244,2,Q2,Medium
98,2543,4027,3,2-3,0.7266615629196167,0.5818267464637756,0.28189316391944885,0.45224326848983765,1,Q1-low,Medium
99,2571,4994,3,2-3,0.6833923161029816,0.669244259595871,0.15920591354370117,0.3736431896686554,2,Q2,Low
100,2598,6840,3,2-3,0.3872561454772949,0.6632328927516937,0.416199266910553,0.3169090747833252,2,Q2,Low
101,2627,1307,5,4-5,0.6562114357948303,0.6447332203388214,0.22357328236103058,0.3881901502609253,2,Q2,Low
102,2649,6955,1,1,,0.8408475518226624,0.29619908332824707,0.12489078938961029,4,Q4-high,Single-history
103,2657,7045,2,2-3,0.49270516633987427,0.488649845123291,0.5809512138366699,0.49394986033439636,1,Q1-low,Low
104,2659,7010,1,1,,0.6649557054042816,0.38587287068367004,0.32233715057373047,2,Q2,Single-history
105,2668,6775,7,>=6,0.7209530472755432,0.6317527294158936,0.18740810453891754,0.41345706582069397,2,Q2,Medium
106,2678,2869,5,4-5,0.5109556317329407,0.7989731281995773,0.09224854409694672,0.22822144627571106,4,Q4-high,Low
107,2682,6941,5,4-5,0.7369696795940399,0.5599206387996674,0.5045256018638611,0.42396777868270874,1,Q1-low,Medium
108,2690,5625,3,2-3,0.5837904512882233,0.6993276178836823,0.4379899501800537,0.26634299755096436,3,Q3,Low
109,2693,7029,2,2-3,0.7245606780052185,0.636018306016922,0.2313709855079651,0.39713436365127563,2,Q2,Medium
110,2699,6873,4,4-5,0.7076690196990967,0.37532299757003784,0.4067344665527344,0.6791626811027527,1,Q1-low,Medium
111,2712,6986,5,4-5,0.7997684478759766,0.18880534172058105,0.6363114714622498,0.85491544008255,1,Q1-low,High
112,2714,7029,4,4-5,0.7772359997034073,0.7815328240394592,0.20688173174858093,0.22136352956295013,4,Q4-high,High
113,2717,6997,3,2-3,0.7685074061155319,0.6342889070510864,0.26420480012893677,0.39108768105506897,2,Q2,High
114,2720,6436,4,4-5,0.6478326618671417,0.6136782467365265,0.4263761639595032,0.3763081431388855,1,Q1-low,Low
115,2737,5895,1,1,,0.7173973321914673,0.1669517457485199,0.3115153908729553,3,Q3,Single-history
116,2750,5599,4,4-5,0.6838276088237762,0.5119891464710236,0.5040478110313416,0.4840015769004822,1,Q1-low,Low
117,2752,580,2,2-3,0.6258702278137207,0.7282674610614777,0.16762222349643707,0.29776012897491455,3,Q3,Low
118,2753,4549,6,>=6,0.7659148275852203,0.7187705934047699,0.21790198981761932,0.2970612645149231,3,Q3,High
119,2804,6965,2,2-3,0.6700977087020874,0.7524644583463669,0.077843077480793,0.289958655834198,4,Q4-high,Low
120,2812,7029,2,2-3,0.7739934474229813,0.7794525176286697,0.11155746877193451,0.2477949857711792,4,Q4-high,High
121,2817,7031,6,>=6,0.7542190253734589,0.7295402884483337,0.1890888512134552,0.2908024191856384,3,Q3,High
122,2819,6986,9,>=6,0.7034923136234283,0.7110815346240997,0.08498147130012512,0.33990269899368286,3,Q3,Medium
123,2845,7014,3,2-3,0.6331191956996918,0.6944637596607208,0.10540993511676788,0.3555678129196167,3,Q3,Low
124,2848,6800,4,4-5,0.6383678913116455,0.6434805393218994,0.2502369284629822,0.383090078830719,2,Q2,Low
125,2852,6008,2,2-3,0.7916814237833023,0.5710949301719666,0.3133213222026825,0.4578009843826294,1,Q1-low,High
126,2864,6993,2,2-3,0.7414628565311432,0.5638042688369751,0.2940480709075928,0.47173264622688293,1,Q1-low,Medium
127,2865,6937,3,2-3,0.7275733649730682,0.5809433162212372,0.26451921463012695,0.4576910734176636,1,Q1-low,Medium
128,2871,6877,2,2-3,0.7711058557033539,0.5920994579792023,0.31911686062812805,0.43009644746780396,1,Q1-low,High
129,2872,7010,1,1,,0.6770460903644562,0.449895977973938,0.2912184000015259,2,Q2,Single-history
130,2882,6257,10,>=6,0.6984970271587372,0.6175848841667175,0.41378045082092285,0.3745737671852112,1,Q1-low,Medium
131,2897,6381,3,2-3,0.7948500663042068,0.6844442784786224,0.20852422714233398,0.34231358766555786,2,Q2,High
132,2902,2012,8,>=6,0.7604405432939529,0.73507159948349,0.19873477518558502,0.28147682547569275,3,Q3,High
133,2909,5740,2,2-3,0.7288548946380615,0.6993338465690613,0.3478918671607971,0.2888597249984741,3,Q3,Medium
134,2910,4364,1,1,,0.7720162123441696,0.14575272798538208,0.24854154884815216,4,Q4-high,Single-history
135,2922,6489,3,2-3,0.7392827570438385,0.7445152401924133,0.18669500946998596,0.27268218994140625,3,Q3,Medium
136,2960,6006,2,2-3,0.44881343841552734,0.7815867513418198,0.23973314464092255,0.21308326721191406,4,Q4-high,Low
137,2983,4764,2,2-3,0.8005784451961517,0.7623582780361176,0.41260403394699097,0.1939011514186859,4,Q4-high,High
138,3037,6301,1,1,,0.781130313873291,0.2220451533794403,0.21807581186294556,4,Q4-high,Single-history
139,3038,4077,3,2-3,0.7888095527887344,0.7849327325820923,0.2309025675058365,0.21110843122005463,4,Q4-high,High
140,3042,5192,2,2-3,0.5999290645122528,0.6589669585227966,0.23763346672058105,0.36688292026519775,2,Q2,Low
141,3049,3180,2,2-3,0.7048036754131317,0.7493190765380859,0.06222967058420181,0.29779374599456787,3,Q3,Medium
142,3105,2839,2,2-3,0.8154040575027466,0.7266002297401428,0.16142921149730682,0.30139240622520447,3,Q3,High
143,3117,6123,2,2-3,0.6681718528270721,0.6500150561332703,0.22769521176815033,0.3805573582649231,2,Q2,Low
144,3130,3789,3,2-3,0.691787451505661,0.7717742025852203,0.16283003985881805,0.24457472562789917,4,Q4-high,Medium
145,3135,7013,3,2-3,0.7440562546253204,0.6953791677951813,0.18834197521209717,0.3336905241012573,3,Q3,Medium
146,3144,5433,2,2-3,0.8020853847265244,0.7312487065792084,0.16089275479316711,0.29571592807769775,3,Q3,High
147,3160,6449,2,2-3,0.877172939479351,0.655528724193573,0.1468653380870819,0.3938727378845215,2,Q2,High
148,3172,5856,2,2-3,0.7923005819320679,0.6382114589214325,0.20174536108970642,0.40179935097694397,2,Q2,High
149,3208,139,2,2-3,0.609196662902832,0.6705500781536102,0.2881532609462738,0.33977407217025757,2,Q2,Low
150,3245,1025,3,2-3,0.7178908586502075,0.7376669943332672,0.20527410507202148,0.2765977382659912,3,Q3,Medium
151,3259,3141,2,2-3,0.847922757267952,0.7530920654535294,0.16595296561717987,0.26714667677879333,4,Q4-high,High
152,3346,6990,1,1,,0.9598585814237595,0.22202102839946747,-0.005328483879566193,4,Q4-high,Single-history
153,3348,4867,1,1,,0.938754390925169,0.3503831624984741,-0.011038783937692642,4,Q4-high,Single-history
154,3389,6901,2,2-3,0.7742410004138947,0.7222464084625244,0.1354190707206726,0.31333720684051514,3,Q3,High
155,3406,806,5,4-5,0.7632771730422974,0.7396502494812012,0.2754485607147217,0.2565750479698181,3,Q3,High
156,3435,6996,3,2-3,0.8917355760931969,0.7176152467727661,0.3245118260383606,0.271852970123291,3,Q3,High
157,3461,2445,3,2-3,0.7845906019210815,0.7248901724815369,0.2815852463245392,0.2734909653663635,3,Q3,High
158,3484,6350,2,2-3,0.6352441608905792,0.6796228289604187,0.20687943696975708,0.34875160455703735,2,Q2,Low
159,3532,6597,3,2-3,0.7415128648281097,0.6776800155639648,0.43025416135787964,0.29533645510673523,2,Q2,Medium
160,3537,6645,2,2-3,0.5938630104064941,0.6968885064125061,0.3221268355846405,0.29835766553878784,3,Q3,Low
161,3539,4455,3,2-3,0.5325774848461151,0.7057999670505524,0.23555827140808105,0.3088604807853699,3,Q3,Low
162,3610,4653,3,2-3,0.761812150478363,0.8143515884876251,0.27714669704437256,0.16277383267879486,4,Q4-high,High
163,3659,176,2,2-3,0.5907503366470337,0.64061239361763,0.33307749032974243,0.3659651279449463,2,Q2,Low
164,3666,2115,2,2-3,0.8575513958930969,0.781703844666481,0.26162904500961304,0.20746292173862457,4,Q4-high,High
165,3718,6612,2,2-3,0.6674650609493256,0.5139778554439545,0.3100213408470154,0.5300223231315613,1,Q1-low,Low
166,3723,6755,2,2-3,0.707794576883316,0.709342896938324,0.10679449141025543,0.3366227447986603,3,Q3,Medium
167,3730,4042,2,2-3,0.8021894693374634,0.7422033846378326,0.3213351368904114,0.24191197752952576,3,Q3,High
168,3744,176,3,2-3,0.7631639093160629,0.7698992937803268,0.17275509238243103,0.2444370985031128,4,Q4-high,High
169,3756,6757,2,2-3,0.06298744678497314,0.7342961132526398,0.22380617260932922,0.2761783003807068,3,Q3,Low
170,3759,6800,3,2-3,0.7967172861099243,0.7462024986743927,0.26234400272369385,0.25166088342666626,3,Q3,High
171,3867,4325,4,4-5,0.7000117599964142,0.7137054800987244,0.20304208993911743,0.3071076273918152,3,Q3,Medium
172,3876,922,2,2-3,0.7102056443691254,0.7573024928569794,0.1511612981557846,0.26558154821395874,4,Q4-high,Medium
173,3877,6164,2,2-3,0.42129969596862793,0.5809047222137451,0.23005002737045288,0.4663565754890442,1,Q1-low,Low
174,3882,6944,10,>=6,0.7461754381656647,0.6928793787956238,0.2813431918621063,0.3135649859905243,3,Q3,Medium
175,3890,6879,3,2-3,0.7418830096721649,0.6836109161376953,0.19202718138694763,0.34747952222824097,2,Q2,Medium
176,3899,4983,3,2-3,0.6588333547115326,0.5701917409896851,0.2915881276130676,0.4643632769584656,1,Q1-low,Low
177,3928,6985,2,2-3,0.5653348565101624,0.7707504332065582,0.10974187403917313,0.2591264843940735,4,Q4-high,Low
178,3935,686,3,2-3,0.7099670171737671,0.7248095870018005,0.17281384766101837,0.30078455805778503,3,Q3,Medium
179,3955,5119,3,2-3,0.6858538687229156,0.5433714091777802,0.18471387028694153,0.524607241153717,1,Q1-low,Low
180,3975,6872,3,2-3,0.7393199801445007,0.7144675552845001,0.21738672256469727,0.30256885290145874,3,Q3,Medium
181,4034,6597,1,1,,0.6914967000484467,0.3816649615764618,0.29021286964416504,3,Q3,Single-history
182,4071,7038,2,2-3,0.7205210626125336,0.6458855271339417,0.22482328116893768,0.38643723726272583,2,Q2,Medium
183,4078,2955,2,2-3,0.7379390001296997,0.6232902407646179,0.532496988773346,0.3377629518508911,2,Q2,Medium
184,4138,5849,3,2-3,0.6823077201843262,0.6233577132225037,0.1854429990053177,0.4244421124458313,2,Q2,Low
185,4147,1640,2,2-3,0.7114793062210083,0.6768416166305542,0.2837008833885193,0.3330227732658386,2,Q2,Medium
186,4170,6905,2,2-3,0.6635517776012421,0.7182700335979462,0.2175348550081253,0.2977787256240845,3,Q3,Low
187,4177,7046,2,2-3,0.42433297634124756,0.757201075553894,0.15340840816497803,0.26514655351638794,4,Q4-high,Low
188,4178,4064,2,2-3,0.544435441493988,0.7198503911495209,0.19846737384796143,0.30057016015052795,3,Q3,Low
189,4197,6528,2,2-3,0.7719126343727112,0.6934540271759033,0.23355737328529358,0.32479313015937805,3,Q3,High
190,4266,2681,2,2-3,0.7258419394493103,0.819325715303421,0.15298527479171753,0.18759652972221375,4,Q4-high,Medium
191,4308,6693,1,1,,0.621705174446106,0.1151324138045311,0.44408538937568665,1,Q1-low,Single-history
192,4309,6914,5,4-5,0.7879531383514404,0.729756236076355,0.12621238827705383,0.3062516152858734,3,Q3,High
193,4317,7033,2,2-3,0.5765669345855713,0.6351008713245392,0.31270015239715576,0.3779488801956177,2,Q2,Low
194,4341,1664,3,2-3,0.49519234895706177,0.661417156457901,0.2803126573562622,0.3531503975391388,2,Q2,Low
195,4342,6993,2,2-3,0.7728775441646576,0.6109762191772461,0.2626837491989136,0.4206087589263916,1,Q1-low,High
196,4360,6829,2,2-3,0.8421045988798141,0.797342985868454,0.21906277537345886,0.19855555891990662,4,Q4-high,High
197,4384,200,2,2-3,0.7549898326396942,0.6657459437847137,0.16177266836166382,0.3773743808269501,2,Q2,High
198,4399,6621,4,4-5,0.6495114266872406,0.6967895925045013,0.2568322420120239,0.31480494141578674,3,Q3,Low
199,4494,6717,5,4-5,0.7029035985469818,0.5237435400485992,0.19574588537216187,0.5463840961456299,1,Q1-low,Medium
200,4549,2539,2,2-3,0.6326747238636017,0.8579299598932266,0.22918523848056793,0.12029123306274414,4,Q4-high,Low
201,4561,1146,2,2-3,0.6519789695739746,0.7583076059818268,0.1449774205684662,0.2658711373806,4,Q4-high,Low
202,4578,6981,2,2-3,0.6651304066181183,0.6998870074748993,0.16205355525016785,0.33462783694267273,3,Q3,Low
203,4583,849,2,2-3,0.6294897794723511,0.7233831882476807,0.2701091766357422,0.2782437205314636,3,Q3,Low
204,4624,6968,1,1,,0.9500141069293022,0.097443588078022,0.03812146559357643,4,Q4-high,Single-history
205,4626,7028,5,4-5,0.7293604612350464,0.48020708560943604,0.5713803172111511,0.5068960189819336,1,Q1-low,Medium
206,4706,6939,1,1,,0.8079208880662918,0.20829927921295166,0.18802405893802643,4,Q4-high,Single-history
207,4709,6694,3,2-3,0.7767504900693893,0.6722273230552673,0.30820000171661377,0.3326658308506012,2,Q2,High
208,4772,6925,2,2-3,0.6941254734992981,0.6804741621017456,0.23120062053203583,0.34160715341567993,2,Q2,Medium
209,4871,953,2,2-3,0.6637908220291138,0.7636750787496567,0.2444959282875061,0.23428216576576233,4,Q4-high,Low
210,4876,6937,5,4-5,0.7395451366901398,0.5694667100906372,0.29530078172683716,0.464341402053833,1,Q1-low,Medium
211,4925,4878,3,2-3,0.5782188475131989,0.7060168087482452,0.3473227024078369,0.28064829111099243,3,Q3,Low
212,4934,6987,2,2-3,0.7398971319198608,0.6953863799571991,0.18779534101486206,0.3338181972503662,3,Q3,Medium
213,4935,6512,3,2-3,0.7048362195491791,0.4723789095878601,0.1481647789478302,0.6224851608276367,1,Q1-low,Medium
214,4966,5775,1,1,,0.8455078452825546,0.23115725815296173,0.13532587885856628,4,Q4-high,Single-history
215,5024,4342,4,4-5,0.603001743555069,0.5445685982704163,0.2958070635795593,0.49533745646476746,1,Q1-low,Low
216,5040,6848,8,>=6,0.6922543346881866,0.5386400520801544,0.3613608777523041,0.48635971546173096,1,Q1-low,Medium
217,5070,1740,3,2-3,0.7495326995849609,0.6903931796550751,0.39910072088241577,0.2872333526611328,2,Q2,Medium
218,5075,6556,2,2-3,0.45580220222473145,0.7862738966941833,0.2409423589706421,0.2069220244884491,4,Q4-high,Low
219,5105,6922,1,1,,0.7756150513887405,0.2646849751472473,0.2143099308013916,4,Q4-high,Single-history
220,5109,7045,2,2-3,0.5972826182842255,0.9002998173236847,0.19315235316753387,0.07633714377880096,4,Q4-high,Low
221,5115,6043,3,2-3,0.7112672924995422,0.6221127510070801,0.3365579843521118,0.38821953535079956,1,Q1-low,Medium
222,5142,545,7,>=6,0.7136165797710419,0.5322945415973663,0.37695106863975525,0.49039405584335327,1,Q1-low,Medium
223,5191,1883,2,2-3,0.7320646643638611,0.6337514221668243,0.16206565499305725,0.41729432344436646,2,Q2,Medium
224,5217,6422,3,2-3,0.7164040505886078,0.8263239562511444,0.3419397473335266,0.13161012530326843,4,Q4-high,Medium
225,5219,6683,2,2-3,0.7977025210857391,0.771451324224472,0.25339800119400024,0.22233635187149048,4,Q4-high,High
226,5297,2094,3,2-3,0.767898440361023,0.7221112847328186,0.20773351192474365,0.29542750120162964,3,Q3,High
227,5321,5135,2,2-3,0.7385642230510712,0.7029147148132324,0.1349390298128128,0.3376218378543854,3,Q3,Medium
228,5327,7041,2,2-3,0.6800536811351776,0.791578084230423,0.16154426336288452,0.22014132142066956,4,Q4-high,Low
229,5332,5614,2,2-3,0.7422175407409668,0.7198405265808105,0.23514604568481445,0.2914128303527832,3,Q3,Medium
230,5368,5831,9,>=6,0.6866079866886139,0.5772885084152222,0.29221129417419434,0.4553365409374237,1,Q1-low,Low
231,5464,6319,3,2-3,0.7850819379091263,0.6569622755050659,0.33618175983428955,0.3447516858577728,2,Q2,High
232,5525,4554,2,2-3,0.7069538235664368,0.6946980357170105,0.16982780396938324,0.3391704857349396,3,Q3,Medium
233,5533,5582,3,2-3,0.7957527190446854,0.5814138650894165,0.2451114058494568,0.461954802274704,1,Q1-low,High
234,5569,6454,3,2-3,0.7858742475509644,0.7514662444591522,0.2977396845817566,0.23623228073120117,4,Q4-high,High
235,5591,2340,2,2-3,0.7381406426429749,0.7853884547948837,0.17853206396102905,0.22363141179084778,4,Q4-high,Medium
236,5595,3393,3,2-3,0.6099642813205719,0.7609465420246124,0.09948930144309998,0.2739444971084595,4,Q4-high,Low
237,5670,3033,3,2-3,0.7661400884389877,0.7510152012109756,0.31971922516822815,0.2313011884689331,4,Q4-high,High
238,5674,5436,1,1,,0.6441425383090973,0.46076667308807373,0.32963013648986816,2,Q2,Single-history
239,5724,6403,4,4-5,0.7904954701662064,0.6569297015666962,0.18478047847747803,0.3826427459716797,2,Q2,High
240,5760,4466,4,4-5,0.7170305848121643,0.6537119150161743,0.37231022119522095,0.3397825360298157,2,Q2,Medium
241,5761,6693,2,2-3,0.8052890300750732,0.7363998591899872,0.08906896412372589,0.30723291635513306,3,Q3,High
242,5813,6918,2,2-3,0.7412650883197784,0.477314829826355,0.5431886315345764,0.517559289932251,1,Q1-low,Medium
243,5822,5473,4,4-5,0.748114824295044,0.7289047837257385,0.23521848022937775,0.2800644040107727,3,Q3,Medium
244,5832,4135,3,2-3,0.8033910989761353,0.6794394552707672,0.3045298457145691,0.3245682120323181,2,Q2,High
245,5939,4493,2,2-3,0.7654817998409271,0.7493169903755188,0.1841711401939392,0.2673109769821167,3,Q3,High
246,5966,6808,1,1,,0.7743861526250839,0.07333524525165558,0.2636834979057312,4,Q4-high,Single-history
247,6012,6912,7,>=6,0.6828620135784149,0.6016718745231628,0.3037446141242981,0.42197397351264954,1,Q1-low,Low
248,6019,6825,4,4-5,0.6464557945728302,0.5686943829059601,0.1943366825580597,0.49054786562919617,1,Q1-low,Low
249,6098,6761,1,1,,0.6738154590129852,0.22369754314422607,0.35180628299713135,2,Q2,Single-history
250,6101,6427,1,1,,0.7645056247711182,0.18826010823249817,0.24730291962623596,4,Q4-high,Single-history
251,6113,2723,3,2-3,0.7332889139652252,0.23945844173431396,0.49938589334487915,0.8258304595947266,1,Q1-low,Medium
252,6129,7038,3,2-3,0.6438440978527069,0.5887938141822815,0.1797829568386078,0.4690619707107544,1,Q1-low,Low
253,6132,6973,2,2-3,0.5635168850421906,0.7235199213027954,0.32667016983032227,0.26393255591392517,3,Q3,Low
254,6160,6609,2,2-3,0.6418949663639069,0.6568388938903809,0.28580158948898315,0.35750097036361694,2,Q2,Low
255,6230,5638,3,2-3,0.8046947866678238,0.6908759474754333,0.43274301290512085,0.2782193124294281,3,Q3,High
256,6313,6176,1,1,,0.8361158221960068,0.1442435085773468,0.16879433393478394,4,Q4-high,Single-history
257,6326,6801,3,2-3,0.7146310210227966,0.7191146612167358,0.39794600009918213,0.25162017345428467,3,Q3,Medium
258,6334,4100,2,2-3,0.9326878190040588,0.6820264756679535,0.19485506415367126,0.3487531542778015,2,Q2,High
259,6356,6034,1,1,,0.7608763575553894,0.25997596979141235,0.23391056060791016,4,Q4-high,Single-history
260,6371,1321,2,2-3,0.7663833647966385,0.649352639913559,0.2540813684463501,0.3747888505458832,2,Q2,High
261,6390,7035,2,2-3,0.6221911013126373,0.6436766982078552,0.26522499322891235,0.3790978789329529,2,Q2,Low
262,6437,4644,2,2-3,0.9012675583362579,0.8265014588832855,0.36441147327423096,0.12577031552791595,4,Q4-high,High
263,6443,6002,2,2-3,0.5248541831970215,0.703437328338623,0.23020145297050476,0.3131529688835144,3,Q3,Low
264,6487,6164,2,2-3,0.6852641999721527,0.818694680929184,0.19151662290096283,0.17875248193740845,4,Q4-high,Low
265,6558,4878,2,2-3,0.6081215143203735,0.8360890001058578,0.15561266243457794,0.1659855842590332,4,Q4-high,Low
266,6575,6925,6,>=6,0.7921184152364731,0.6417260468006134,0.20050522685050964,0.39771610498428345,2,Q2,High
267,6607,5003,5,4-5,0.6919828951358795,0.5249940752983093,0.3182711899280548,0.514189600944519,1,Q1-low,Medium
268,6636,2486,2,2-3,0.5655911564826965,0.7851722687482834,0.2266673594713211,0.2118678092956543,4,Q4-high,Low
269,6729,4609,1,1,,0.8426379859447479,0.11459030210971832,0.16805493831634521,4,Q4-high,Single-history
270,6740,6984,4,4-5,0.6680540144443512,0.7107870280742645,0.11200698465108871,0.3335144519805908,3,Q3,Low
271,6852,678,2,2-3,0.6230926513671875,0.6571888625621796,0.2842285633087158,0.3574567437171936,2,Q2,Low
272,6873,4067,2,2-3,0.8183777183294296,0.6693644523620605,0.2331409454345703,0.35500919818878174,2,Q2,High
273,6903,6598,2,2-3,0.5807009935379028,0.6837725937366486,0.257297158241272,0.3309599757194519,2,Q2,Low
274,6928,7041,3,2-3,0.7823584079742432,0.7774551212787628,0.10706925392150879,0.2514137923717499,4,Q4-high,High
275,6999,6528,1,1,,0.7013561427593231,0.36635157465934753,0.2817169427871704,3,Q3,Single-history
276,7013,5684,1,1,,0.7218307256698608,0.45139724016189575,0.23486226797103882,3,Q3,Single-history
277,7028,1238,2,2-3,0.6379721462726593,0.6277113854885101,0.2493734359741211,0.40301740169525146,2,Q2,Low
278,7084,5986,2,2-3,0.788079246878624,0.5997073650360107,0.12395942956209183,0.4693759083747864,1,Q1-low,High
279,7088,2826,2,2-3,0.6564620137214661,0.7701060473918915,0.33876803517341614,0.20267541706562042,4,Q4-high,Low
280,7097,3173,2,2-3,0.7225997149944305,0.6508221626281738,0.510135293006897,0.30893847346305847,2,Q2,Medium
281,7138,1785,4,4-5,0.8815881907939911,0.7031368613243103,0.11610866338014603,0.34205174446105957,3,Q3,High
282,7164,6410,7,>=6,0.7261896729469299,0.6964063048362732,0.11539148539304733,0.35064423084259033,3,Q3,Medium
283,7220,6800,4,4-5,0.6550687253475189,0.5842146873474121,0.24941085278987885,0.45737892389297485,1,Q1-low,Low
284,7232,1444,2,2-3,0.7654556632041931,0.7011360228061676,0.30430305004119873,0.297504186630249,3,Q3,High
285,7277,6028,4,4-5,0.6955804526805878,0.6459193229675293,0.1589483916759491,0.4028637409210205,2,Q2,Medium
286,7293,6503,4,4-5,0.732598215341568,0.7287895381450653,0.32005590200424194,0.2589991092681885,3,Q3,Medium
287,7354,5943,2,2-3,0.7585534155368805,0.7001991868019104,0.36877670884132385,0.28255683183670044,3,Q3,High
288,7406,5653,3,2-3,0.7203007638454437,0.7946708649396896,0.19353152811527252,0.20827853679656982,4,Q4-high,Medium
289,7425,7011,2,2-3,0.8568501770496368,0.7839216589927673,0.14834262430667877,0.23301225900650024,4,Q4-high,High
290,7428,7039,2,2-3,0.7987964451313019,0.45385628938674927,0.405119925737381,0.58139967918396,1,Q1-low,High
291,7442,6916,6,>=6,0.6905793249607086,0.7104080021381378,0.34944137930870056,0.2746296525001526,3,Q3,Medium
292,7452,7011,2,2-3,0.7366647720336914,0.7117740213871002,0.2607426643371582,0.29509681463241577,3,Q3,Medium
293,7458,6771,3,2-3,0.7135124504566193,0.5974324941635132,0.20261555910110474,0.45255547761917114,1,Q1-low,Medium
294,7466,6987,2,2-3,0.822801947593689,0.7036539912223816,0.35904839634895325,0.2806704044342041,3,Q3,High
295,7468,7028,2,2-3,0.9287103414535522,0.48020708560943604,0.5713802576065063,0.5068960785865784,1,Q1-low,High
296,7475,6849,1,1,,0.7303661108016968,0.2992700934410095,0.26222482323646545,3,Q3,Single-history
297,7479,6916,3,2-3,0.8190509080886841,0.7290447354316711,0.206520676612854,0.2870638966560364,3,Q3,High
298,7481,6937,4,4-5,0.7839035540819168,0.6391842663288116,0.20955277979373932,0.3986314535140991,2,Q2,High
299,7482,6528,2,2-3,0.8552414923906326,0.5888223350048065,0.2759990096092224,0.44497230648994446,1,Q1-low,High
300,7483,7030,2,2-3,0.7313433587551117,0.6272343099117279,0.2746572494506836,0.3972927927970886,2,Q2,Medium
301,7492,6998,3,2-3,0.6636665165424347,0.5962972640991211,0.19972333312034607,0.45469754934310913,1,Q1-low,Low
302,7497,7006,2,2-3,0.6584144532680511,0.6547431647777557,0.07001644372940063,0.41406694054603577,2,Q2,Low
303,7506,7025,2,2-3,0.6332896649837494,0.6988542973995209,0.33262747526168823,0.29327523708343506,3,Q3,Low
304,7512,6966,2,2-3,0.5133409202098846,0.7524824142456055,0.0622551403939724,0.2938331961631775,4,Q4-high,Low
305,7515,6939,3,2-3,0.6781028509140015,0.65489462018013,0.2190527319908142,0.37661853432655334,2,Q2,Low
306,7522,7013,2,2-3,0.7016348540782928,0.7243939936161041,0.1513352394104004,0.30667370557785034,3,Q3,Medium
307,7534,3600,2,2-3,0.7256558835506439,0.6574133634567261,0.38060593605041504,0.33308181166648865,2,Q2,Medium
308,7542,4346,3,2-3,0.6917662918567657,0.6264313161373138,0.20208576321601868,0.41643938422203064,2,Q2,Medium
309,7590,4988,2,2-3,0.7452137470245361,0.7890546023845673,0.1361747682094574,0.22963804006576538,4,Q4-high,Medium
310,7638,6533,1,1,,0.7305434346199036,0.1893630474805832,0.28947994112968445,3,Q3,Single-history
311,7671,6972,2,2-3,0.8319914788007736,0.5297371447086334,0.3125535845756531,0.5096901655197144,1,Q1-low,High
312,7704,6873,1,1,,0.6853239238262177,0.18516266345977783,0.3470544219017029,2,Q2,Single-history
313,7718,5041,2,2-3,0.7055185735225677,0.5625574588775635,0.1518818438053131,0.5088326930999756,1,Q1-low,Medium
314,7724,4774,2,2-3,0.8686646372079849,0.7207665145397186,0.5382993221282959,0.21446701884269714,3,Q3,High
315,7735,6739,3,2-3,0.5388130247592926,0.691253662109375,0.20980477333068848,0.33348172903060913,3,Q3,Low
316,7774,1616,3,2-3,0.8353248983621597,0.6476917862892151,0.21612925827503204,0.3863529562950134,2,Q2,High
317,7824,4364,5,4-5,0.685754120349884,0.6861138343811035,0.15418019890785217,0.35381263494491577,2,Q2,Low
318,7838,4609,3,2-3,0.7673928737640381,0.49254482984542847,0.3040544390678406,0.5583053827285767,1,Q1-low,High
319,7859,6916,1,1,,0.7715546786785126,0.11868874728679657,0.25588446855545044,4,Q4-high,Single-history
320,7890,5376,2,2-3,0.7536985874176025,0.6817449927330017,0.19915606081485748,0.3480297327041626,2,Q2,High
321,7988,486,2,2-3,0.7749409526586533,0.8084200024604797,0.18262678384780884,0.19381830096244812,4,Q4-high,High
322,8036,1746,1,1,,0.8060497939586639,0.23535095155239105,0.18360000848770142,4,Q4-high,Single-history
323,8037,6397,2,2-3,0.8141843378543854,0.7592702209949493,0.16236092150211334,0.2603219747543335,4,Q4-high,High
324,8045,4813,3,2-3,0.7775675803422928,0.7006435096263885,0.2844979166984558,0.30307114124298096,3,Q3,High
325,8119,4800,2,2-3,0.8265952169895172,0.7193776369094849,0.47630733251571655,0.2317010909318924,3,Q3,High
326,8131,6971,1,1,,0.7847910672426224,0.07065898180007935,0.2513464093208313,4,Q4-high,Single-history
327,8151,5448,2,2-3,0.7607785165309906,0.6961900889873505,0.47465839982032776,0.26109778881073,3,Q3,High
328,8165,6938,3,2-3,0.7261233627796173,0.5503914952278137,0.20222237706184387,0.5114550590515137,1,Q1-low,Medium
329,8170,6793,1,1,,0.8460832983255386,0.2869153618812561,0.12066704034805298,4,Q4-high,Single-history
330,8180,5246,1,1,,0.9175620228052139,0.20451804995536804,0.05191796272993088,4,Q4-high,Single-history
331,8204,6988,2,2-3,0.6333715319633484,0.7868086397647858,0.18989288806915283,0.21901598572731018,4,Q4-high,Low
332,8210,6598,2,2-3,0.3561835289001465,0.6477673053741455,0.4543555676937103,0.32670196890830994,2,Q2,Low
333,8244,6741,2,2-3,0.4266030788421631,0.7825014740228653,0.14624835550785065,0.23531106114387512,4,Q4-high,Low
334,8293,3047,2,2-3,0.9117880761623383,0.6691318452358246,0.331320583820343,0.3307550251483917,2,Q2,High
335,8354,6890,6,>=6,0.7351909875869751,0.7517498135566711,0.13946527242660522,0.27544641494750977,4,Q4-high,Medium
336,8513,6823,1,1,,0.6253774464130402,0.13261950016021729,0.4351233243942261,2,Q2,Single-history
337,8536,3955,3,2-3,0.760923758149147,0.6316390037536621,0.21881914138793945,0.4057464599609375,2,Q2,High
338,8574,6715,2,2-3,0.6336466073989868,0.6111284494400024,0.14329618215560913,0.45026540756225586,1,Q1-low,Low
339,8577,6822,3,2-3,0.6648772954940796,0.750786304473877,0.2868248224258423,0.23981089890003204,4,Q4-high,Low
340,8623,539,3,2-3,0.832476869225502,0.7550949454307556,0.3162615895271301,0.22706590592861176,4,Q4-high,High
341,8648,6941,3,2-3,0.7553281635046005,0.6317889988422394,0.26312607526779175,0.39448222517967224,2,Q2,High
342,8865,1836,2,2-3,0.8873120024800301,0.801884263753891,0.08833959698677063,0.2255597710609436,4,Q4-high,High
343,8955,5433,2,2-3,0.6696689426898956,0.7536264657974243,0.22908742725849152,0.25069504976272583,4,Q4-high,Low
344,8963,1594,2,2-3,0.8019729256629944,0.7150821387767792,0.0903267115354538,0.3335656523704529,3,Q3,High
345,8977,6976,3,2-3,0.6612722873687744,0.6477292776107788,0.23340684175491333,0.38198667764663696,2,Q2,Low
346,8983,6460,2,2-3,0.7196426689624786,0.6132133901119232,0.2286359965801239,0.4263242483139038,1,Q1-low,Medium
347,9030,7018,2,2-3,0.7113427519798279,0.7693231850862503,0.20957911014556885,0.2359512448310852,4,Q4-high,Medium
348,9084,6911,2,2-3,0.40929144620895386,0.8055058568716049,0.21839842200279236,0.18851807713508606,4,Q4-high,Low
349,9105,5616,3,2-3,0.7463035583496094,0.6589438915252686,0.17224496603012085,0.3832589089870453,2,Q2,Medium
350,9118,7040,2,2-3,0.7067947089672089,0.6654824018478394,0.28644680976867676,0.3465352952480316,2,Q2,Medium
351,9196,7030,2,2-3,0.762004017829895,0.7027502954006195,0.15018579363822937,0.3340156674385071,3,Q3,High
352,9212,580,2,2-3,0.6961740255355835,0.7418993711471558,0.1258532553911209,0.29116249084472656,3,Q3,Medium
353,9217,4342,2,2-3,0.8030031621456146,0.742438554763794,0.24951797723770142,0.2595723271369934,3,Q3,High
354,9227,681,4,4-5,0.7463212609291077,0.6882213354110718,0.2680351138114929,0.32271453738212585,2,Q2,Medium
355,9343,2389,3,2-3,0.5798550844192505,0.5661699175834656,0.3008936047554016,0.4670642018318176,1,Q1-low,Low
356,9425,4717,1,1,,0.7229146361351013,0.3598812222480774,0.256386399269104,3,Q3,Single-history
357,9467,6940,1,1,,0.5129746198654175,0.6324649453163147,0.45066550374031067,1,Q1-low,Single-history
358,9584,6536,2,2-3,0.3129465579986572,0.6838322877883911,0.30671554803848267,0.31853073835372925,2,Q2,Low
359,9650,6775,1,1,,0.6715086698532104,0.18544849753379822,0.3642520308494568,2,Q2,Single-history
360,9698,6470,2,2-3,0.7565186619758606,0.5396428108215332,0.3500385880470276,0.4879368245601654,1,Q1-low,High
361,9699,6739,4,4-5,0.6575814783573151,0.7666653394699097,0.13435308635234833,0.25808003544807434,4,Q4-high,Low
362,9700,7010,1,1,,0.6503691077232361,0.2788887321949005,0.3673163950443268,2,Q2,Single-history
363,9833,2240,2,2-3,0.5280779302120209,0.6458850502967834,0.2761762738227844,0.3735995888710022,2,Q2,Low
364,9910,6649,3,2-3,0.677381306886673,0.7294340431690216,0.19676679372787476,0.2890157401561737,3,Q3,Low
365,9957,6045,4,4-5,0.6584789454936981,0.611924946308136,0.17629863321781158,0.4410191476345062,1,Q1-low,Low
366,9992,2949,4,4-5,0.7505598217248917,0.6277658343315125,0.4784640073776245,0.3456766903400421,2,Q2,High
367,10022,7011,2,2-3,0.8032989948987961,0.7642481625080109,0.15447625517845154,0.25607073307037354,4,Q4-high,High
368,10025,646,2,2-3,0.766193762421608,0.7420703172683716,0.13486680388450623,0.28869539499282837,3,Q3,High
369,10041,6447,2,2-3,0.6267064213752747,0.632741779088974,0.23748788237571716,0.3997008204460144,2,Q2,Low
370,10048,3408,4,4-5,0.7713186889886856,0.6137776374816895,0.13253718614578247,0.44964364171028137,1,Q1-low,High
371,10131,2626,3,2-3,0.7776191383600235,0.6387804448604584,0.24895669519901276,0.38928526639938354,2,Q2,High
372,10140,6444,2,2-3,0.5992912352085114,0.681935042142868,0.14161673188209534,0.3621769845485687,2,Q2,Low
373,10178,6711,6,>=6,0.6127857267856598,0.7691142857074738,0.22150534391403198,0.2332307994365692,4,Q4-high,Low
374,10197,663,4,4-5,0.7458055913448334,0.6497088670730591,0.1228853091597557,0.4071425795555115,2,Q2,Medium
375,10219,7040,5,4-5,0.6999347805976868,0.6687643527984619,0.18433667719364166,0.3679603934288025,2,Q2,Medium
376,10230,6734,2,2-3,0.6766982674598694,0.4386289715766907,0.2930881679058075,0.6284416913986206,1,Q1-low,Low
377,10256,6747,1,1,,0.7490834593772888,0.0613119900226593,0.29831767082214355,3,Q3,Single-history
378,10383,3714,1,1,,0.8350045084953308,0.2139672189950943,0.1527525633573532,4,Q4-high,Single-history
379,10388,5748,3,2-3,0.7665656805038452,0.6886218786239624,0.29999905824661255,0.31422287225723267,2,Q2,High
380,10389,7005,3,2-3,0.7246564626693726,0.6855200231075287,0.26553747057914734,0.3267155885696411,2,Q2,Medium
381,10395,6965,2,2-3,0.6887133717536926,0.806803435087204,0.07714825868606567,0.2222086489200592,4,Q4-high,Low
382,10408,6717,2,2-3,0.8019550889730453,0.7023848295211792,0.25645148754119873,0.3079060912132263,3,Q3,High
383,10414,2186,3,2-3,0.7417706251144409,0.7019935548305511,0.22201097011566162,0.31700533628463745,3,Q3,Medium
384,10472,6465,2,2-3,0.588295578956604,0.6132746338844299,0.15060144662857056,0.44575634598731995,1,Q1-low,Low
385,10475,6873,2,2-3,0.5889748632907867,0.7451032996177673,0.1834733635187149,0.2727525234222412,3,Q3,Low
386,10567,696,2,2-3,0.8261417746543884,0.7622660100460052,0.27036526799201965,0.22957617044448853,4,Q4-high,High
387,10596,7037,4,4-5,0.5856264531612396,0.3469993472099304,0.590652585029602,0.6685876846313477,1,Q1-low,Low
388,10604,4825,2,2-3,0.7826721668243408,0.40447211265563965,0.6131844520568848,0.5911137461662292,1,Q1-low,High
389,10612,7030,3,2-3,0.6895771324634552,0.6845037937164307,0.12390469014644623,0.3633940815925598,2,Q2,Medium
390,10650,6027,3,2-3,0.7838001102209091,0.6624034643173218,0.13549289107322693,0.38812246918678284,2,Q2,High
391,10763,2373,3,2-3,0.815971851348877,0.7592603117227554,0.13249355554580688,0.2678012251853943,4,Q4-high,High
392,10899,6528,5,4-5,0.7167447507381439,0.2842147946357727,0.6169735789299011,0.7404880523681641,1,Q1-low,Medium
393,10906,1456,2,2-3,0.6126421093940735,0.8025992214679718,0.3406471610069275,0.16158917546272278,4,Q4-high,Low
394,11020,7038,6,>=6,0.6803129613399506,0.447800874710083,0.3933084011077881,0.5919218063354492,1,Q1-low,Low
395,11056,6739,2,2-3,0.636177122592926,0.7058487236499786,0.15988761186599731,0.3277171850204468,3,Q3,Low
396,11085,1989,2,2-3,0.7398844361305237,0.6190795004367828,0.2383630871772766,0.4165598154067993,1,Q1-low,Medium
397,11161,755,2,2-3,0.6726068556308746,0.7645459324121475,0.08535802364349365,0.2729780673980713,4,Q4-high,Low
398,11176,3681,3,2-3,0.6102255582809448,0.4043048620223999,0.21296945214271545,0.6913765668869019,1,Q1-low,Low
399,11238,3732,2,2-3,0.7903355211019516,0.7182738780975342,0.10783357918262482,0.3251992464065552,3,Q3,High
400,11265,6561,2,2-3,0.8699363768100739,0.7649511694908142,0.3103351891040802,0.2162272334098816,4,Q4-high,High
401,11310,6725,2,2-3,0.6366124451160431,0.612809032201767,0.08928524702787399,0.46166738867759705,1,Q1-low,Low
402,11312,7034,2,2-3,0.8030951023101807,0.7168580889701843,0.12383809685707092,0.32296788692474365,3,Q3,High
403,11314,5578,2,2-3,0.8176975548267365,0.6956665515899658,0.2413521707057953,0.3200787603855133,3,Q3,High
404,11336,5827,3,2-3,0.7273353040218353,0.5859254598617554,0.15905971825122833,0.4778282344341278,1,Q1-low,Medium
405,11396,6160,2,2-3,0.6820042729377747,0.6806981861591339,0.11542149633169174,0.37027186155319214,2,Q2,Low
406,11406,774,3,2-3,0.715142697095871,0.6679304242134094,0.35078269243240356,0.32739126682281494,2,Q2,Medium
407,11490,7038,3,2-3,0.8747154623270035,0.4515339136123657,0.2792738676071167,0.6157641410827637,1,Q1-low,High
408,11503,7011,4,4-5,0.7177562117576599,0.7274284362792969,0.2623768150806427,0.27512022852897644,3,Q3,Medium
409,11545,5775,3,2-3,0.6889585852622986,0.6701227724552155,0.3210415840148926,0.33208611607551575,2,Q2,Medium
410,11620,6664,3,2-3,0.7263816297054291,0.634276807308197,0.27112990617752075,0.38937151432037354,2,Q2,Medium
411,11621,5246,2,2-3,0.7597101032733917,0.7207213640213013,0.11120210587978363,0.3212977647781372,3,Q3,High
412,11725,4585,3,2-3,0.75547194480896,0.6363356709480286,0.41905930638313293,0.34981560707092285,2,Q2,High
413,11752,6937,2,2-3,0.8007283061742783,0.6843464374542236,0.2214338481426239,0.3392084836959839,2,Q2,High
414,11822,1801,3,2-3,0.7226755917072296,0.5723296403884888,0.40049779415130615,0.4344635009765625,1,Q1-low,Medium
415,11883,1792,2,2-3,0.524215430021286,0.8237558305263519,0.28482431173324585,0.14909912645816803,4,Q4-high,Low
416,11899,2111,2,2-3,0.7927889078855515,0.7040199637413025,0.33898693323135376,0.28522831201553345,3,Q3,High
417,11901,2373,3,2-3,0.7403833270072937,0.7098165154457092,0.17815878987312317,0.31818968057632446,3,Q3,Medium
418,11970,1427,2,2-3,0.7352191209793091,0.8111696839332581,0.1499549150466919,0.19854915142059326,4,Q4-high,Medium
419,11980,1822,3,2-3,0.7084988653659821,0.6052416563034058,0.4175418019294739,0.38906246423721313,1,Q1-low,Medium
420,11983,5764,2,2-3,0.8024767339229584,0.6145998239517212,0.22319366037845612,0.4259518086910248,1,Q1-low,High
421,12015,5356,1,1,,0.8676257133483887,0.1953285038471222,0.11663573980331421,4,Q4-high,Single-history
422,12075,5432,3,2-3,0.7167669832706451,0.7556079626083374,0.15101739764213562,0.26773568987846375,4,Q4-high,Medium
423,12112,3484,2,2-3,0.7030194103717804,0.7118572294712067,0.16120198369026184,0.3198779821395874,3,Q3,Medium
424,12120,5422,1,1,,0.8238574117422104,0.14147894084453583,0.18480849266052246,4,Q4-high,Single-history
425,12122,4549,2,2-3,0.638835608959198,0.8041618913412094,0.1740868240594864,0.20127592980861664,4,Q4-high,Low
426,12153,6620,2,2-3,0.7237601578235626,0.7090044617652893,0.12188807874917984,0.33327239751815796,3,Q3,Medium
427,12163,6888,2,2-3,0.7320686280727386,0.7368102073669434,0.19861648976802826,0.27933311462402344,3,Q3,Medium
428,12187,844,3,2-3,0.5570637881755829,0.7305461168289185,0.14356055855751038,0.30092722177505493,3,Q3,Low
429,12192,7012,1,1,,0.7691560685634613,0.26861512660980225,0.2214011251926422,4,Q4-high,Single-history
430,12195,5388,2,2-3,0.7381469309329987,0.5998455584049225,0.5519811511039734,0.36219775676727295,1,Q1-low,Medium
431,12197,5417,2,2-3,0.8174193501472473,0.6686529815196991,0.14630109071731567,0.3776084780693054,2,Q2,High
432,12200,2595,4,4-5,0.7802443653345108,0.7055666446685791,0.17070850729942322,0.3253645896911621,3,Q3,High
433,12202,6998,3,2-3,0.7836398631334305,0.7204446196556091,0.18472248315811157,0.3032636046409607,3,Q3,High
434,12219,845,2,2-3,0.7556664943695068,0.7057819962501526,0.190921813249588,0.3200420141220093,3,Q3,High
435,12222,5186,2,2-3,0.6985534429550171,0.6082682609558105,0.20575053989887238,0.4382270574569702,1,Q1-low,Medium
436,12270,6482,2,2-3,0.6953836381435394,0.7008188962936401,0.16197821497917175,0.3334818184375763,3,Q3,Medium
437,12288,7012,1,1,,0.6710310876369476,0.321716845035553,0.3307819366455078,2,Q2,Single-history
438,12324,6993,2,2-3,0.7939728051424026,0.6127745509147644,0.27068018913269043,0.4163617491722107,1,Q1-low,High
439,12398,3482,2,2-3,0.6024909913539886,0.5184962153434753,0.2254532277584076,0.5455164313316345,1,Q1-low,Low
440,12419,4362,2,2-3,0.6691074669361115,0.3513878583908081,0.47286731004714966,0.6925483345985413,1,Q1-low,Low
441,12443,7043,2,2-3,0.8326851725578308,0.7585654407739639,0.24457372725009918,0.2406497597694397,4,Q4-high,High
442,12492,6983,3,2-3,0.6411707103252411,0.5922195613384247,0.33791646361351013,0.4252464175224304,1,Q1-low,Low
443,12497,6176,1,1,,0.7106502950191498,0.3007459044456482,0.28650063276290894,3,Q3,Single-history
444,12586,6208,7,>=6,0.5658326745033264,0.6089631915092468,0.23643341660499573,0.42968764901161194,1,Q1-low,Low
445,12865,3440,2,2-3,0.6823008358478546,0.8430874645709991,0.07097391039133072,0.17839717864990234,4,Q4-high,Low
446,12866,6800,3,2-3,0.7073906362056732,0.687921404838562,0.19175349175930023,0.34215986728668213,2,Q2,Medium
447,12907,5553,2,2-3,0.7574463784694672,0.6837259829044342,0.32193344831466675,0.31485915184020996,2,Q2,High
448,12929,1905,2,2-3,0.8960496187210083,0.724325031042099,0.36391207575798035,0.25361567735671997,3,Q3,High
449,12939,1197,2,2-3,0.6584615409374237,0.6632077991962433,0.25100934505462646,0.3582379221916199,2,Q2,Low
450,12950,1148,6,>=6,0.7368080914020538,0.6271429061889648,0.47368860244750977,0.3476491868495941,2,Q2,Medium
451,13000,3245,3,2-3,0.6662622392177582,0.6624598503112793,0.09522528946399689,0.39811885356903076,2,Q2,Low
452,13032,2847,2,2-3,0.660617470741272,0.6474792957305908,0.23598834872245789,0.3816537857055664,2,Q2,Low
453,13044,4303,2,2-3,0.8157337009906769,0.5727495849132538,0.1373162567615509,0.49973392486572266,1,Q1-low,High
454,13097,4656,2,2-3,0.7541356831789017,0.6594609022140503,0.16404160857200623,0.3846634328365326,2,Q2,High
455,13180,6745,3,2-3,0.7496343851089478,0.5843628644943237,0.37786865234375,0.42507922649383545,1,Q1-low,Medium
456,13187,6714,2,2-3,0.7345905303955078,0.6921105980873108,0.16849952936172485,0.3427368700504303,3,Q3,Medium
457,13224,6386,5,4-5,0.7305260002613068,0.6781460642814636,0.23760250210762024,0.3429167866706848,2,Q2,Medium
458,13295,3360,2,2-3,0.6430498361587524,0.733847439289093,0.105523481965065,0.3063098192214966,3,Q3,Low
459,13309,6663,2,2-3,0.692425012588501,0.6006116271018982,0.359560489654541,0.4093453288078308,1,Q1-low,Medium
460,13351,5218,1,1,,0.8282818049192429,0.1084730476140976,0.18752947449684143,4,Q4-high,Single-history
461,13360,6208,2,2-3,0.6344313025474548,0.6579007506370544,0.24947349727153778,0.3652556836605072,2,Q2,Low
462,13363,6926,2,2-3,0.7364036738872528,0.7689074128866196,0.20427873730659485,0.23779603838920593,4,Q4-high,Medium
463,13433,5047,1,1,,0.6795672178268433,0.1277984082698822,0.3685913383960724,2,Q2,Single-history
464,13438,5131,1,1,,0.8053870648145676,0.1870688796043396,0.19649894535541534,4,Q4-high,Single-history
465,13457,6164,2,2-3,0.68019038438797,0.6396220624446869,0.19943121075630188,0.4006146192550659,2,Q2,Low
466,13497,6500,2,2-3,0.6815809607505798,0.7616844177246094,0.3828144073486328,0.20219087600708008,4,Q4-high,Low
467,13567,6913,4,4-5,0.7267731130123138,0.796245887875557,0.22823093831539154,0.19763490557670593,4,Q4-high,Medium
468,13723,6877,1,1,,0.586918443441391,0.35134825110435486,0.42851489782333374,1,Q1-low,Single-history
469,13733,3774,2,2-3,0.6871431171894073,0.7640705406665802,0.14108926057815552,0.2596395015716553,4,Q4-high,Low
470,13762,6886,1,1,,0.7294423878192902,0.14101658761501312,0.3029428720474243,3,Q3,Single-history
471,13770,3315,3,2-3,0.6917685270309448,0.6429438591003418,0.07739727199077606,0.42697086930274963,2,Q2,Medium
472,13819,6636,2,2-3,0.7109131515026093,0.8248499780893326,0.2491140216588974,0.15665900707244873,4,Q4-high,Medium
473,13821,6456,1,1,,0.6486774384975433,0.2796710133552551,0.36923545598983765,2,Q2,Single-history
474,13834,6913,1,1,,0.8846276700496674,0.18998698890209198,0.0967186689376831,4,Q4-high,Single-history
475,13843,3999,3,2-3,0.7158927023410797,0.7062113881111145,0.1914912462234497,0.31936293840408325,3,Q3,Medium
476,13854,6744,2,2-3,0.762370839715004,0.6888888776302338,0.2791574001312256,0.3190995454788208,2,Q2,High
477,13886,7048,2,2-3,0.7653032094240189,0.7012472450733185,0.24431398510932922,0.3123624324798584,3,Q3,High
478,13984,4386,2,2-3,0.7285240292549133,0.7343482375144958,0.36455821990966797,0.240925133228302,3,Q3,Medium
479,14075,6966,2,2-3,0.7987964451313019,0.723490834236145,0.14593420922756195,0.30915290117263794,3,Q3,High
480,14111,6951,2,2-3,0.9346271529793739,0.8220048546791077,0.14261192083358765,0.1868409365415573,4,Q4-high,High
481,14128,4977,3,2-3,0.7367032468318939,0.5876744091510773,0.3460902273654938,0.4288844168186188,1,Q1-low,Medium
482,14132,5946,2,2-3,0.7538578808307648,0.6080680191516876,0.23257309198379517,0.4317716658115387,1,Q1-low,High
483,14196,3920,2,2-3,0.9312565326690674,0.6521069705486298,0.4315532445907593,0.3269779682159424,2,Q2,High
484,14230,4055,2,2-3,0.6548331677913666,0.7509598284959793,0.3160797655582428,0.23228026926517487,4,Q4-high,Low
485,14282,6757,2,2-3,0.6697428822517395,0.7096439301967621,0.2968465983867645,0.28873345255851746,3,Q3,Low
486,14295,4187,2,2-3,0.7536956369876862,0.6902537047863007,0.23666173219680786,0.3280174136161804,2,Q2,High
487,14304,6489,4,4-5,0.7248342335224152,0.6881139576435089,0.259970486164093,0.3248649537563324,2,Q2,Medium
488,14323,6464,2,2-3,0.22903335094451904,0.717393547296524,0.16341960430145264,0.3124031722545624,3,Q3,Low
489,14342,6219,2,2-3,0.640828013420105,0.5168064832687378,0.2934379577636719,0.5306323766708374,1,Q1-low,Low
490,14383,4705,2,2-3,0.7798765152692795,0.7652023881673813,0.1921137422323227,0.24546857178211212,4,Q4-high,High
491,14475,4897,2,2-3,0.6859731674194336,0.7582413703203201,0.13627827167510986,0.26812872290611267,4,Q4-high,Low
492,14594,3994,2,2-3,0.5725841224193573,0.7564504444599152,0.1824272722005844,0.25883013010025024,4,Q4-high,Low
493,14601,7031,2,2-3,0.6552099585533142,0.7787857055664062,0.24469980597496033,0.2153429090976715,4,Q4-high,Low
494,14605,6290,2,2-3,0.6215927302837372,0.5654554069042206,0.48841291666030884,0.4210774898529053,1,Q1-low,Low
495,14668,6865,1,1,,0.708263635635376,0.19303946197032928,0.3164105713367462,3,Q3,Single-history
496,14680,6556,3,2-3,0.7225699126720428,0.605167418718338,0.40785112977027893,0.39157792925834656,1,Q1-low,Medium
497,14759,6222,2,2-3,0.8246787637472153,0.8485578745603561,0.20488780736923218,0.13808070123195648,4,Q4-high,High
498,14780,5867,1,1,,0.4394954442977905,0.24762354791164398,0.6387247443199158,1,Q1-low,Single-history
499,14851,6500,1,1,,0.7052805423736572,0.26179832220077515,0.3029497265815735,3,Q3,Single-history
500,14863,4118,2,2-3,0.6791888475418091,0.6736995577812195,0.432186484336853,0.2998289167881012,2,Q2,Low
501,15052,3251,2,2-3,0.6906855404376984,0.7253319919109344,0.22853395342826843,0.286201536655426,3,Q3,Medium
502,15117,3653,4,4-5,0.7814134210348129,0.7102923393249512,0.305247962474823,0.2858225703239441,3,Q3,High
503,15189,6735,3,2-3,0.5478599965572357,0.6407722234725952,0.24075642228126526,0.38884562253952026,2,Q2,Low
504,15307,2503,2,2-3,0.8041479140520096,0.760698139667511,0.14970558881759644,0.26170092821121216,4,Q4-high,High
505,15456,6964,2,2-3,0.8343760371208191,0.6236777007579803,0.2945614159107208,0.39676252007484436,2,Q2,High
506,15508,5779,2,2-3,0.5664976239204407,0.5991712510585785,0.4418603777885437,0.39057081937789917,1,Q1-low,Low
507,15532,7041,2,2-3,0.8159015625715256,0.7543258368968964,0.18464340269565582,0.2609318494796753,4,Q4-high,High
508,15551,6874,2,2-3,0.8202787637710571,0.7266526222229004,0.20636655390262604,0.2900925576686859,3,Q3,High
509,15606,6986,1,1,,0.6356500387191772,0.34514638781547546,0.369150847196579,2,Q2,Single-history
510,15635,1551,2,2-3,0.7226458787918091,0.614606112241745,0.547190248966217,0.3449447751045227,1,Q1-low,Medium
511,15669,2023,4,4-5,0.6720269322395325,0.6170181334018707,0.37144020199775696,0.38586726784706116,1,Q1-low,Low
512,15715,6286,3,2-3,0.724603533744812,0.3979147672653198,0.46598827838897705,0.636109471321106,1,Q1-low,Medium
513,15716,6176,2,2-3,0.7725797891616821,0.6697090864181519,0.25633251667022705,0.3487805128097534,2,Q2,High
514,15725,1370,2,2-3,0.8703141659498215,0.6694445908069611,0.17343303561210632,0.3698360025882721,2,Q2,High
515,15730,3880,2,2-3,0.639766275882721,0.671099066734314,0.43001532554626465,0.3036223351955414,2,Q2,Low
516,15733,5663,2,2-3,0.5908526182174683,0.6572885811328888,0.19902056455612183,0.37863415479660034,2,Q2,Low
517,15788,6888,2,2-3,0.7253767848014832,0.6219601631164551,0.3155021667480469,0.39367425441741943,1,Q1-low,Medium
518,15853,6786,3,2-3,0.6061269044876099,0.7502045929431915,0.19138062000274658,0.26439911127090454,4,Q4-high,Low
519,15994,5781,1,1,,0.814699649810791,0.180582195520401,0.18647988140583038,4,Q4-high,Single-history
520,16007,6632,2,2-3,0.26341861486434937,0.5588454604148865,0.588202953338623,0.40439242124557495,1,Q1-low,Low
521,16017,6566,2,2-3,0.7733073383569717,0.6314684450626373,0.14004068076610565,0.42565426230430603,2,Q2,High
522,16029,6525,3,2-3,0.7445294260978699,0.7163068056106567,0.19167962670326233,0.3066965937614441,3,Q3,Medium
523,16077,3105,1,1,,0.6731920838356018,0.24809929728507996,0.34648507833480835,2,Q2,Single-history
524,16099,3662,3,2-3,0.7392370998859406,0.5367159247398376,0.3580479323863983,0.4895930886268616,1,Q1-low,Medium
525,16164,3808,3,2-3,0.654786080121994,0.6864776015281677,0.13608121871948242,0.35788267850875854,2,Q2,Low
526,16169,7043,2,2-3,0.7194220125675201,0.7704739421606064,0.1520708203315735,0.24888986349105835,4,Q4-high,Medium
527,16181,4515,2,2-3,0.525499165058136,0.5892745554447174,0.24295152723789215,0.4526689052581787,1,Q1-low,Low
528,16184,5471,4,4-5,0.7531388252973557,0.6721368134021759,0.3010329306125641,0.3345707356929779,2,Q2,High
529,16189,4077,2,2-3,0.6889585554599762,0.794181302189827,0.2039085030555725,0.20629623532295227,4,Q4-high,Medium
530,16328,6403,2,2-3,0.6802292466163635,0.7107658684253693,0.2359013855457306,0.3025673031806946,3,Q3,Low
531,16353,6208,2,2-3,0.8111696988344193,0.6878762543201447,0.18817538022994995,0.3431107997894287,2,Q2,High
532,16376,4672,2,2-3,0.6568446755409241,0.5167223513126373,0.290833055973053,0.5313887596130371,1,Q1-low,Low
533,16396,6444,1,1,,0.7024424970149994,0.20557011663913727,0.32055434584617615,3,Q3,Single-history
534,16407,5456,1,1,,0.7198743522167206,0.2507926821708679,0.2874588668346405,3,Q3,Single-history
535,16477,5883,2,2-3,0.5834410786628723,0.819333404302597,0.14028200507164001,0.1907627433538437,4,Q4-high,Low
536,16483,6199,1,1,,0.5790914297103882,0.17864209413528442,0.48147517442703247,1,Q1-low,Single-history
537,16517,1693,3,2-3,0.5826996862888336,0.6438469588756561,0.18781733512878418,0.3982369601726532,2,Q2,Low
538,16529,6984,1,1,,0.7389574944972992,0.21499735116958618,0.27255380153656006,3,Q3,Single-history
539,16563,6528,1,1,,0.5888223648071289,0.2759990096092224,0.44497227668762207,1,Q1-low,Single-history
540,16600,1644,2,2-3,0.31664174795150757,0.8951015770435333,0.1724129021167755,0.08801981061697006,4,Q4-high,Low
541,16673,5870,2,2-3,0.8423577696084976,0.5979961454868317,0.28661099076271057,0.4308520555496216,1,Q1-low,High
542,16767,2757,2,2-3,0.7421801686286926,0.5974194407463074,0.21827715635299683,0.4486564099788666,1,Q1-low,Medium
543,16793,7023,2,2-3,0.5153003931045532,0.7189216315746307,0.2034904509782791,0.3004753589630127,3,Q3,Low
544,16810,1722,2,2-3,0.7223199903964996,0.7899939268827438,0.28052225708961487,0.1923770308494568,4,Q4-high,Medium
545,16881,6368,2,2-3,0.6398040056228638,0.6792594194412231,0.12147010862827301,0.3705582022666931,2,Q2,Low
546,16958,6176,3,2-3,0.6937393546104431,0.6838330924510956,0.25171297788619995,0.33228039741516113,2,Q2,Medium
547,16966,5596,3,2-3,0.5984692573547363,0.14110422134399414,0.8834245204925537,0.8527635335922241,1,Q1-low,Low
548,17007,7012,1,1,,0.7507851123809814,0.14668965339660645,0.2748461961746216,4,Q4-high,Single-history
549,17020,6943,5,4-5,0.7086649537086487,0.6613141298294067,0.3811860680580139,0.3280607759952545,2,Q2,Medium
550,17043,6938,2,2-3,0.7310262024402618,0.661461591720581,0.18662500381469727,0.37651675939559937,2,Q2,Medium
551,17044,7044,2,2-3,0.8080343753099442,0.7781053781509399,0.2398940771818161,0.21739475429058075,4,Q4-high,High
552,17084,6920,3,2-3,0.6517678797245026,0.7310113608837128,0.1011662483215332,0.31094422936439514,3,Q3,Low
553,17089,6800,3,2-3,0.7273430526256561,0.6020337641239166,0.2757466733455658,0.4285210967063904,1,Q1-low,Medium
554,17090,6989,1,1,,0.7731538265943527,0.3020959794521332,0.2080337107181549,4,Q4-high,Single-history
555,17093,6984,3,2-3,0.8223482370376587,0.6013244092464447,0.4789760112762451,0.37860047817230225,1,Q1-low,High
556,17114,5145,2,2-3,0.7934690713882446,0.7932017296552658,0.19460982084274292,0.2098453789949417,4,Q4-high,High
557,17126,5428,2,2-3,0.6339200437068939,0.7662773281335831,0.2754312753677368,0.22329550981521606,4,Q4-high,Low
558,17130,5923,4,4-5,0.5729961395263672,0.6826704144477844,0.25001394748687744,0.3341584801673889,2,Q2,Low
559,17228,4229,4,4-5,0.6866327524185181,0.6611595749855042,0.4943227767944336,0.2999698519706726,2,Q2,Low
560,17345,6922,1,1,,0.712626039981842,0.3210446238517761,0.27895626425743103,3,Q3,Single-history
561,17403,6936,1,1,,0.3756169080734253,0.6717557311058044,0.6125398874282837,1,Q1-low,Single-history
562,17644,6247,2,2-3,0.7161874771118164,0.5834960043430328,0.23811662197113037,0.46110081672668457,1,Q1-low,Medium
563,17653,3284,4,4-5,0.7256372272968292,0.47116619348526,0.3631994128227234,0.5702424049377441,1,Q1-low,Medium
564,17663,4057,1,1,,0.801719605922699,0.2528808116912842,0.18463027477264404,4,Q4-high,Single-history
565,17830,6873,2,2-3,0.7757684737443924,0.7114306092262268,0.2645094692707062,0.29458439350128174,3,Q3,High
566,17831,7028,1,1,,0.6104291081428528,0.3187132477760315,0.40728527307510376,1,Q1-low,Single-history
567,17843,6625,2,2-3,0.7606563419103622,0.69733726978302,0.5498635768890381,0.24086248874664307,3,Q3,High
568,17869,7028,3,2-3,0.7021302282810211,0.5843444466590881,0.4458552300930023,0.40810561180114746,1,Q1-low,Medium
569,17875,6716,2,2-3,0.8063399642705917,0.6685243248939514,0.23035210371017456,0.3567565679550171,2,Q2,High
570,17876,6942,2,2-3,0.7476779222488403,0.7307539880275726,0.2768986225128174,0.26733285188674927,3,Q3,Medium
571,17878,6411,1,1,,0.7897564470767975,0.1033068597316742,0.2369777262210846,4,Q4-high,Single-history
572,17889,4919,2,2-3,0.6776463985443115,0.5306462049484253,0.23048466444015503,0.5290710926055908,1,Q1-low,Low
573,17901,6099,4,4-5,0.6973989605903625,0.4977591633796692,0.3378990888595581,0.5433262586593628,1,Q1-low,Medium
574,17980,5560,3,2-3,0.7276194095611572,0.6610990762710571,0.32985010743141174,0.34116360545158386,2,Q2,Medium
575,18141,6193,3,2-3,0.7735858708620071,0.660399317741394,0.4107223451137543,0.3218202590942383,2,Q2,High
576,18185,2626,2,2-3,0.7072395980358124,0.8102869391441345,0.15550453960895538,0.1982651799917221,4,Q4-high,Medium
577,18198,6114,2,2-3,0.775104746222496,0.872436910867691,0.18415950238704681,0.1134139895439148,4,Q4-high,High
578,18201,3979,2,2-3,0.8079296201467514,0.6180771589279175,0.5961078405380249,0.3283765912055969,1,Q1-low,High
579,18210,6842,2,2-3,0.7499216794967651,0.7314527034759521,0.23439380526542664,0.27708566188812256,3,Q3,High
580,18276,5458,2,2-3,0.618543416261673,0.8799168616533279,0.15874958038330078,0.11041652411222458,4,Q4-high,Low
581,18365,6968,2,2-3,0.7579025626182556,0.6982995569705963,0.31205499172210693,0.2991117835044861,3,Q3,High
582,18377,7036,2,2-3,0.8243965655565262,0.7317720055580139,0.35525327920913696,0.24647167325019836,3,Q3,High
583,18424,6397,2,2-3,0.597187876701355,0.6969937682151794,0.15065301954746246,0.3410945534706116,3,Q3,Low
584,18523,6551,3,2-3,0.6766688823699951,0.6643066704273224,0.1954907476902008,0.3707439601421356,2,Q2,Low
585,18569,3141,3,2-3,0.7476547658443451,0.7760956734418869,0.1891186237335205,0.23260074853897095,4,Q4-high,Medium
586,18606,6763,3,2-3,0.777943953871727,0.7107885181903839,0.2429381012916565,0.3007798194885254,3,Q3,High
587,18614,6860,2,2-3,0.7973138391971588,0.5197317600250244,0.2510102093219757,0.5375827550888062,1,Q1-low,High
588,18629,6937,2,2-3,0.6579706370830536,0.48321348428726196,0.21036449074745178,0.593392014503479,1,Q1-low,Low
589,18707,6558,2,2-3,0.5500673651695251,0.6007016897201538,0.20136910676956177,0.4487805962562561,1,Q1-low,Low
590,18904,6917,2,2-3,0.8044829666614532,0.5501214563846588,0.36450204253196716,0.4712226390838623,1,Q1-low,High
591,18946,7006,2,2-3,0.8263038098812103,0.5702751874923706,0.46090155839920044,0.42193061113357544,1,Q1-low,High
592,18948,7010,1,1,,0.5183221995830536,0.27361613512039185,0.5336931943893433,1,Q1-low,Single-history
593,19036,5923,1,1,,0.8330259025096893,0.1238156259059906,0.17776371538639069,4,Q4-high,Single-history
594,19169,6986,1,1,,0.6356500387191772,0.34514638781547546,0.369150847196579,2,Q2,Single-history
595,19240,6775,2,2-3,0.8552414923906326,0.7154693603515625,0.21309395134449005,0.30238980054855347,3,Q3,High
596,19274,6860,2,2-3,0.7589013427495956,0.6612760126590729,0.17018213868141174,0.3808594346046448,2,Q2,High
597,19312,4682,1,1,,0.7362548410892487,0.47531455755233765,0.21085280179977417,3,Q3,Single-history
598,19322,6984,1,1,,0.8161617815494537,0.16614261269569397,0.18826211988925934,4,Q4-high,Single-history
599,19328,5936,1,1,,0.6950812339782715,0.24059432744979858,0.3209998905658722,3,Q3,Single-history
600,19375,7001,3,2-3,0.7638464123010635,0.675088107585907,0.25704774260520935,0.34187793731689453,2,Q2,High
601,19394,7012,1,1,,0.7852194011211395,0.26093417406082153,0.2032421976327896,4,Q4-high,Single-history
602,19395,6998,2,2-3,0.6748005449771881,0.6889609694480896,0.17130042612552643,0.3459736704826355,2,Q2,Low
603,19404,6947,2,2-3,0.6135332882404327,0.6059290170669556,0.3590412139892578,0.4028283953666687,1,Q1-low,Low
604,19405,6968,2,2-3,0.33147960901260376,0.7782687544822693,0.17152783274650574,0.23428209125995636,4,Q4-high,Low
605,19411,6528,1,1,,0.7013561427593231,0.36635157465934753,0.2817169427871704,3,Q3,Single-history
606,19413,6984,1,1,,0.7979869246482849,0.3285236656665802,0.1703854203224182,4,Q4-high,Single-history
607,19436,7031,1,1,,0.8441717326641083,0.13283249735832214,0.16157719492912292,4,Q4-high,Single-history
