row_id,user,target,history_length,past_target_cosine,future_target_cosine,delta_future_minus_past,future_better,rank_Anchor-only,rank_Past-only,rank_Future-only,rank_Past+Future,rank_FIR-MIC without future bridge,rank_Per-item + transition/association,rank_FIR-MIC full
0,8,6716,3,0.9031585454940796,0.8791057467460632,-0.024052798748016357,0,4,461,439,461,4,4,4
1,15,6937,4,0.9268778562545776,0.8399216532707214,-0.0869562029838562,0,277,363,295,359,269,280,280
2,16,5479,3,0.8764678239822388,0.8668497204780579,-0.009618103504180908,0,19,461,449,462,19,24,24
3,39,737,5,0.9275946021080017,0.8266308307647705,-0.1009637713432312,0,170,302,228,297,166,165,165
4,41,5198,1,0.8693053722381592,0.8490033149719238,-0.02030205726623535,0,104,328,238,321,105,107,107
5,45,5439,5,0.9161207675933838,0.7738963961601257,-0.14222437143325806,0,85,415,478,439,87,118,118
6,47,1,10,0.8471491932868958,0.7051896452903748,-0.141959547996521,0,353,444,284,449,352,351,351
7,73,1725,2,0.9168277382850647,0.6763051748275757,-0.240522563457489,0,300,10,46,11,297,268,268
8,80,4,3,0.8948653340339661,0.7953600883483887,-0.09950524568557739,0,56,261,230,258,58,56,56
9,219,7038,10,0.9225995540618896,0.8048862814903259,-0.11771327257156372,0,21,453,34,445,21,15,15
10,345,6640,3,0.905437171459198,0.720359206199646,-0.185077965259552,0,407,31,5,24,410,379,379
11,369,6829,1,0.8968300223350525,0.8446806073188782,-0.052149415016174316,0,417,307,281,304,410,422,422
12,402,13,2,0.8851056098937988,0.8508368134498596,-0.03426879644393921,0,224,388,101,354,229,210,210
13,436,2453,5,0.9074965715408325,0.8221211433410645,-0.08537542819976807,0,373,417,318,410,373,381,381
14,525,6800,6,0.920647382736206,0.7144010066986084,-0.20624637603759766,0,130,100,76,87,135,114,114
15,540,6528,5,0.8908184170722961,0.8536447882652283,-0.03717362880706787,0,18,478,475,478,20,26,26
16,557,7010,2,0.9620322585105896,0.8333466649055481,-0.1286855936050415,0,1,204,440,233,1,1,1
17,595,7008,4,0.9235174059867859,0.7910190224647522,-0.1324983835220337,0,151,237,363,250,140,151,151
18,640,3940,1,0.8849264979362488,0.6789780259132385,-0.20594847202301025,0,259,15,37,14,213,181,181
19,644,6981,4,0.9518435001373291,0.8231884837150574,-0.12865501642227173,0,6,259,295,263,6,5,5
20,645,6997,5,0.8935056328773499,0.862558901309967,-0.030946731567382812,0,133,474,435,472,140,163,163
21,677,4364,3,0.9073290228843689,0.8442644476890564,-0.0630645751953125,0,180,422,403,426,189,216,216
22,688,7009,9,0.9566121101379395,0.6542643308639526,-0.3023477792739868,0,57,97,246,97,57,56,56
23,713,6938,4,0.9217156767845154,0.8740253448486328,-0.04769033193588257,0,15,463,416,462,17,25,25
24,745,6353,2,0.9315310120582581,0.7943000793457031,-0.13723093271255493,0,42,192,302,199,43,43,43
25,755,4648,1,0.7871063351631165,0.6961815357208252,-0.09092479944229126,0,458,33,152,35,453,455,455
26,802,7032,5,0.9501749277114868,0.8095241189002991,-0.14065080881118774,0,1,221,223,225,1,1,1
27,806,6941,3,0.8927909731864929,0.8065370321273804,-0.08625394105911255,0,126,263,345,269,127,131,131
28,818,6503,2,0.9223949909210205,0.8079119324684143,-0.1144830584526062,0,75,180,217,179,75,64,64
29,832,2539,2,0.878083348274231,0.7552257180213928,-0.12285763025283813,0,470,69,7,61,472,468,468
30,845,957,2,0.9633290767669678,0.7569277286529541,-0.20640134811401367,0,34,76,175,81,38,32,32
31,885,2914,2,0.918008029460907,0.6244748830795288,-0.2935331463813782,0,276,6,18,6,278,243,243
32,903,1292,4,0.8458245396614075,0.6205788254737854,-0.22524571418762207,0,212,8,464,12,222,267,267
33,923,4899,3,0.9244463443756104,0.7396568655967712,-0.1847894787788391,0,36,40,114,45,37,35,35
34,992,6640,3,0.8991198539733887,0.7209153175354004,-0.17820453643798828,0,472,39,5,30,471,462,462
35,1022,6996,4,0.8938942551612854,0.8615468144416809,-0.03234744071960449,0,379,468,409,468,366,383,383
36,1028,1455,10,0.9266840219497681,0.688060462474823,-0.23862355947494507,0,120,284,398,296,124,144,144
37,1059,5781,2,0.8750309944152832,0.7672942876815796,-0.10773670673370361,0,394,188,368,209,390,402,402
38,1060,6771,4,0.924895167350769,0.8500800728797913,-0.07481509447097778,0,221,423,300,415,209,214,214
39,1082,6800,5,0.9272502064704895,0.7895752787590027,-0.13767492771148682,0,40,97,42,93,40,35,35
40,1122,6500,1,0.9150147438049316,0.731094241142273,-0.1839205026626587,0,181,69,221,74,180,180,180
41,1127,1754,2,0.87574303150177,0.7267749309539795,-0.14896810054779053,0,422,98,360,114,424,435,435
42,1133,4653,1,0.8723386526107788,0.7523890137672424,-0.11994963884353638,0,396,78,19,72,395,375,375
43,1155,6997,9,0.892989456653595,0.7316193580627441,-0.16137009859085083,0,157,473,435,475,159,194,194
44,1178,6974,3,0.9262082576751709,0.7731454968452454,-0.15306276082992554,0,375,125,187,127,374,374,374
45,1181,6714,2,0.8988308906555176,0.7507680654525757,-0.1480628252029419,0,258,60,58,62,259,230,230
46,1230,2402,4,0.9327143430709839,0.6774016618728638,-0.2553126811981201,0,14,24,77,24,18,15,15
47,1269,7039,3,0.9385836720466614,0.8269444108009338,-0.11163926124572754,0,222,361,451,376,206,231,231
48,1275,957,2,0.9141835570335388,0.7576097846031189,-0.15657377243041992,0,459,104,172,107,463,464,464
49,1277,1828,4,0.8237063884735107,0.5627586841583252,-0.26094770431518555,0,186,2,5,2,189,126,126
50,1295,7017,2,0.9053975343704224,0.8634819984436035,-0.04191553592681885,0,264,401,337,404,259,273,273
51,1359,1291,2,0.9352095723152161,0.7059160470962524,-0.22929352521896362,0,273,28,46,26,290,259,259
52,1384,6715,3,0.9127111434936523,0.8804547786712646,-0.032256364822387695,0,193,451,347,444,190,200,200
53,1392,6874,6,0.9318790435791016,0.7676852941513062,-0.1641937494277954,0,117,349,408,363,111,136,136
54,1450,828,2,0.925878643989563,0.8375445008277893,-0.08833414316177368,0,72,286,274,281,78,79,79
55,1463,7029,1,0.9096319675445557,0.8032696843147278,-0.10636228322982788,0,215,245,361,261,225,237,237
56,1547,6759,3,0.914246678352356,0.8155808448791504,-0.09866583347320557,0,381,312,327,314,389,406,406
57,1588,7010,6,0.9218536615371704,0.7844295501708984,-0.13742411136627197,0,275,373,184,352,263,247,247
58,1590,5781,4,0.9252152442932129,0.7680271863937378,-0.1571880578994751,0,255,157,103,148,252,230,230
59,1602,6993,3,0.9215484261512756,0.8527740836143494,-0.06877434253692627,0,37,342,126,324,38,32,32
60,1636,1744,8,0.9189323782920837,0.7247443199157715,-0.19418805837631226,0,83,211,245,212,84,80,80
61,1653,59,4,0.8875873684883118,0.8342308402061462,-0.05335652828216553,0,342,441,267,431,340,344,344
62,1670,6941,7,0.9527538418769836,0.6364813446998596,-0.316272497177124,0,215,227,340,230,209,228,228
63,1686,3805,3,0.9150294065475464,0.7480627298355103,-0.16696667671203613,0,403,125,239,132,407,413,413
64,1694,6941,4,0.9687060117721558,0.7966580390930176,-0.17204797267913818,0,45,183,317,196,42,42,42
65,1707,6986,4,0.8942656517028809,0.8348682522773743,-0.05939739942550659,0,458,442,407,443,456,466,466
66,1710,6590,4,0.8768854737281799,0.7295385003089905,-0.14734697341918945,0,278,93,71,92,283,261,261
67,1711,3942,2,0.8841869831085205,0.8372308611869812,-0.04695612192153931,0,279,419,403,420,261,297,297
68,1715,6722,3,0.9190559983253479,0.8289068937301636,-0.09014910459518433,0,64,228,65,201,65,53,53
69,1837,4764,2,0.9161022901535034,0.8115605711936951,-0.10454171895980835,0,177,167,80,154,179,159,159
70,1845,72,3,0.9528581500053406,0.7807660698890686,-0.17209208011627197,0,7,155,408,181,7,7,7
71,1848,6742,2,0.8908663392066956,0.8114005923271179,-0.07946574687957764,0,422,245,214,238,418,416,416
72,1851,4577,5,0.914374053478241,0.7836056351661682,-0.13076841831207275,0,430,139,93,133,428,427,427
73,1873,6496,3,0.9274157285690308,0.76348876953125,-0.16392695903778076,0,15,124,348,137,15,16,16
74,1883,6559,7,0.9493605494499207,0.6591623425483704,-0.2901982069015503,0,279,163,66,140,276,246,246
75,1907,6943,3,0.8961717486381531,0.7312701940536499,-0.16490155458450317,0,105,57,159,63,110,102,102
76,1920,6974,2,0.8366217017173767,0.7875451445579529,-0.04907655715942383,0,379,251,101,232,371,367,367
77,1924,7008,4,0.9452874064445496,0.7910204529762268,-0.15426695346832275,0,101,237,363,253,94,103,103
78,1966,6381,9,0.9426038861274719,0.7087210416793823,-0.2338828444480896,0,232,145,31,120,231,196,196
79,1969,2621,2,0.9073376655578613,0.8652841448783875,-0.04205352067947388,0,5,439,446,441,5,5,5
80,1976,5021,3,0.9181695580482483,0.8446613550186157,-0.07350820302963257,0,133,418,412,421,124,140,140
81,1977,3867,2,0.8434811234474182,0.74753737449646,-0.09594374895095825,0,330,87,123,88,326,307,307
82,1983,7028,10,0.9536086916923523,0.7495575547218323,-0.20405113697052002,0,64,323,157,320,55,58,58
83,1993,6421,7,0.9036365151405334,0.6303896307945251,-0.2732468843460083,0,421,195,178,195,419,415,415
84,2014,5878,2,0.9029926657676697,0.7059473395347595,-0.19704532623291016,0,479,44,33,42,479,479,479
85,2148,6793,2,0.9221326112747192,0.8624643087387085,-0.05966830253601074,0,29,423,467,436,32,40,40
86,2165,6925,2,0.9237713813781738,0.7782220840454102,-0.14554929733276367,0,410,165,285,170,422,430,430
87,2262,844,5,0.9409884810447693,0.8323887586593628,-0.1085997223854065,0,301,309,241,304,299,302,302
88,2270,2365,2,0.8877463936805725,0.7451745867729187,-0.1425718069076538,0,340,55,33,53,336,295,295
89,2278,6987,2,0.9295907020568848,0.8175802826881409,-0.1120104193687439,0,305,218,282,220,306,311,311
90,2297,4636,3,0.9225427508354187,0.8639452457427979,-0.05859750509262085,0,24,367,189,350,26,25,25
91,2333,6939,8,0.9648012518882751,0.7737544178962708,-0.1910468339920044,0,110,133,38,118,107,90,90
92,2343,88,4,0.9330255389213562,0.7676038146018982,-0.165421724319458,0,47,178,290,181,46,44,44
93,2361,7016,1,0.8117281198501587,0.6740458011627197,-0.13768231868743896,0,461,19,10,16,460,455,455
94,2369,6528,1,0.847126305103302,0.8986063599586487,0.05148005485534668,1,237,471,469,474,243,290,290
95,2419,4716,5,0.9219532012939453,0.7511471509933472,-0.17080605030059814,0,264,66,98,68,267,248,248
96,2496,6350,4,0.9443566203117371,0.828694760799408,-0.1156618595123291,0,147,275,96,258,151,130,130
97,2530,6889,5,0.9394312500953674,0.8405265212059021,-0.09890472888946533,0,191,364,296,363,169,171,171
98,2543,4027,3,0.8562038540840149,0.8785303235054016,0.02232646942138672,1,32,479,469,479,35,38,38
99,2571,4994,3,0.9338158965110779,0.8353681564331055,-0.09844774007797241,0,154,308,309,311,149,154,154
100,2598,6840,3,0.9079695343971252,0.8504145741462708,-0.05755496025085449,0,178,417,419,422,185,212,212
101,2627,1307,5,0.9057343006134033,0.8475205898284912,-0.05821371078491211,0,210,463,420,460,201,229,229
102,2649,6955,1,0.8077660799026489,0.7520982623100281,-0.05566781759262085,0,429,274,64,257,429,424,424
103,2657,7045,2,0.9101999402046204,0.7026989459991455,-0.20750099420547485,0,10,9,42,10,10,10,10
104,2659,7010,1,0.881892740726471,0.8414165377616882,-0.040476202964782715,0,81,337,406,345,78,92,92
105,2668,6775,7,0.9143896698951721,0.7112314105033875,-0.20315825939178467,0,129,405,65,378,129,108,108
106,2678,2869,5,0.8572670221328735,0.7441234588623047,-0.11314356327056885,0,438,135,192,140,430,433,433
107,2682,6941,5,0.9614912867546082,0.8079875111579895,-0.15350377559661865,0,146,210,268,213,140,141,141
108,2690,5625,3,0.8510451912879944,0.7004738450050354,-0.15057134628295898,0,313,37,82,36,303,277,277
109,2693,7029,2,0.9242610335350037,0.8141221404075623,-0.1101388931274414,0,165,230,206,226,166,163,163
110,2699,6873,4,0.921026885509491,0.8135992288589478,-0.10742765665054321,0,1,287,227,281,1,1,1
111,2712,6986,5,0.9276244044303894,0.8336095809936523,-0.09401482343673706,0,2,412,414,414,2,3,3
112,2714,7029,4,0.916643500328064,0.795820951461792,-0.12082254886627197,0,436,263,168,250,443,438,438
113,2717,6997,3,0.8724493384361267,0.8704364895820618,-0.0020128488540649414,0,155,474,457,473,162,189,189
114,2720,6436,4,0.9312061667442322,0.7509647607803345,-0.1802414059638977,0,195,112,202,113,188,184,184
115,2737,5895,1,0.8819177746772766,0.7259587049484253,-0.15595906972885132,0,14,66,191,70,20,18,18
116,2750,5599,4,0.9485702514648438,0.7825332283973694,-0.16603702306747437,0,58,118,83,113,61,52,52
117,2752,580,2,0.9406154155731201,0.8279483318328857,-0.11266708374023438,0,209,262,391,278,232,250,250
118,2753,4549,6,0.9500526785850525,0.6359257102012634,-0.31412696838378906,0,401,33,167,31,401,397,397
119,2804,6965,2,0.9168804287910461,0.8653877973556519,-0.05149263143539429,0,302,343,76,315,318,303,303
120,2812,7029,2,0.9249449968338013,0.8136086463928223,-0.111336350440979,0,305,220,207,218,320,315,315
121,2817,7031,6,0.8880217671394348,0.505000650882721,-0.38302111625671387,0,428,1,29,1,435,419,419
122,2819,6986,9,0.9178692698478699,0.7523713111877441,-0.16549795866012573,0,369,437,134,426,365,351,351
123,2845,7014,3,0.901681125164032,0.8384646773338318,-0.0632164478302002,0,236,442,448,446,237,263,263
124,2848,6800,4,0.9220201373100281,0.7735582590103149,-0.14846187829971313,0,255,122,16,107,256,222,222
125,2852,6008,2,0.9505420923233032,0.8353128433227539,-0.11522924900054932,0,43,246,363,258,37,40,40
126,2864,6993,2,0.9289602637290955,0.8519417643547058,-0.07701849937438965,0,64,321,187,310,64,54,54
127,2865,6937,3,0.9610472917556763,0.8583535552024841,-0.10269373655319214,0,70,298,254,297,69,68,68
128,2871,6877,2,0.9098781943321228,0.837611198425293,-0.07226699590682983,0,72,349,405,355,69,81,81
129,2872,7010,1,0.8820586204528809,0.8412856459617615,-0.040772974491119385,0,100,381,399,387,88,99,99
130,2882,6257,10,0.9601829051971436,0.6891809701919556,-0.271001935005188,0,258,147,255,152,250,253,253
131,2897,6381,3,0.9434522986412048,0.7913976907730103,-0.15205460786819458,0,199,132,211,139,182,175,175
132,2902,2012,8,0.9380244612693787,0.7308188080787659,-0.2072056531906128,0,420,258,394,273,411,431,431
133,2909,5740,2,0.8908287882804871,0.7110483050346375,-0.1797804832458496,0,334,31,14,31,339,305,305
134,2910,4364,1,0.8554314970970154,0.8619399070739746,0.0065084099769592285,1,367,419,371,421,379,391,391
135,2922,6489,3,0.9277880191802979,0.776790976524353,-0.15099704265594482,0,397,151,235,156,399,406,406
136,2960,6006,2,0.8779952526092529,0.8301969766616821,-0.0477982759475708,0,366,314,237,307,354,358,358
137,2983,4764,2,0.9363239407539368,0.8119487166404724,-0.12437522411346436,0,351,168,81,159,350,323,323
138,3037,6301,1,0.9311316013336182,0.8054189085960388,-0.12571269273757935,0,269,167,191,168,261,264,264
139,3038,4077,3,0.9076562523841858,0.672498881816864,-0.23515737056732178,0,444,12,11,12,453,432,432
140,3042,5192,2,0.8789281845092773,0.8701546788215637,-0.008773505687713623,0,199,461,441,464,188,219,219
141,3049,3180,2,0.9122779965400696,0.7993775010108948,-0.1129004955291748,0,335,212,246,215,334,341,341
142,3105,2839,2,0.913383960723877,0.8657256364822388,-0.047658324241638184,0,153,378,208,363,138,135,135
143,3117,6123,2,0.9292252659797668,0.8577572703361511,-0.07146799564361572,0,100,298,152,286,112,110,110
144,3130,3789,3,0.8846981525421143,0.7792375683784485,-0.10546058416366577,0,461,238,189,231,463,465,465
145,3135,7013,3,0.9301251769065857,0.8024960160255432,-0.12762916088104248,0,303,291,434,307,293,321,321
146,3144,5433,2,0.9089053273200989,0.8126594424247742,-0.09624588489532471,0,319,236,218,228,330,332,332
147,3160,6449,2,0.9379626512527466,0.830590009689331,-0.10737264156341553,0,107,286,334,290,102,107,107
148,3172,5856,2,0.9321238994598389,0.7919526100158691,-0.14017128944396973,0,78,154,289,161,79,76,76
149,3208,139,2,0.9332594871520996,0.8686978816986084,-0.06456160545349121,0,211,367,297,362,203,219,219
150,3245,1025,3,0.9044142365455627,0.7532968521118164,-0.15111738443374634,0,350,85,87,83,356,342,342
151,3259,3141,2,0.8868395686149597,0.8570660948753357,-0.029773473739624023,0,363,425,437,432,347,380,380
152,3346,6990,1,0.866668701171875,0.8667332530021667,6.455183029174805e-05,1,471,428,378,428,473,476,476
153,3348,4867,1,0.8533281683921814,0.7967544794082642,-0.056573688983917236,0,470,239,172,228,471,474,474
154,3389,6901,2,0.9206043481826782,0.8300171494483948,-0.09058719873428345,0,298,267,140,253,312,306,306
155,3406,806,5,0.9362727999687195,0.8095798492431641,-0.12669295072555542,0,424,221,137,213,431,427,427
156,3435,6996,3,0.87600177526474,0.8634272813796997,-0.012574493885040283,0,194,466,456,465,198,241,241
157,3461,2445,3,0.8990227580070496,0.8394936323165894,-0.059529125690460205,0,347,350,165,329,332,329,329
158,3484,6350,2,0.8882486820220947,0.8363466858863831,-0.05190199613571167,0,286,342,252,337,292,298,298
159,3532,6597,3,0.9379941821098328,0.7938585877418518,-0.14413559436798096,0,200,192,349,202,196,210,210
160,3537,6645,2,0.8895087242126465,0.8443170785903931,-0.04519164562225342,0,239,268,242,265,212,218,218
161,3539,4455,3,0.9267016053199768,0.7325686812400818,-0.19413292407989502,0,235,52,80,55,247,226,226
162,3610,4653,3,0.9193201065063477,0.7604998350143433,-0.1588202714920044,0,458,75,22,70,450,433,433
163,3659,176,2,0.9037964940071106,0.8531734943389893,-0.05062299966812134,0,114,415,393,418,105,117,117
164,3666,2115,2,0.9086803197860718,0.8361284732818604,-0.07255184650421143,0,406,305,159,288,399,397,397
165,3718,6612,2,0.9566906094551086,0.838889479637146,-0.11780112981796265,0,33,253,325,258,33,31,31
166,3723,6755,2,0.8572148084640503,0.8885519504547119,0.03133714199066162,1,223,477,464,477,223,259,259
167,3730,4042,2,0.9492218494415283,0.7691419124603271,-0.18007993698120117,0,313,98,207,99,302,296,296
168,3744,176,3,0.8748896718025208,0.8473124504089355,-0.027577221393585205,0,411,458,362,449,408,422,422
169,3756,6757,2,0.902099609375,0.7141755819320679,-0.18792402744293213,0,204,38,39,37,201,185,185
170,3759,6800,3,0.887886643409729,0.7849152684211731,-0.10297137498855591,0,433,135,35,114,433,418,418
171,3867,4325,4,0.9161205291748047,0.7038201093673706,-0.21230041980743408,0,382,40,84,41,385,373,373
172,3876,922,2,0.8993381857872009,0.7875901460647583,-0.11174803972244263,0,334,244,430,262,338,368,368
173,3877,6164,2,0.9071354866027832,0.869539737701416,-0.03759574890136719,0,30,340,105,323,32,28,28
174,3882,6944,10,0.9258219599723816,0.6639006733894348,-0.2619212865829468,0,424,92,66,80,416,389,389
175,3890,6879,3,0.9139440059661865,0.8147135972976685,-0.09923040866851807,0,298,349,404,356,300,319,319
176,3899,4983,3,0.9419103264808655,0.8469805121421814,-0.09492981433868408,0,53,334,289,333,58,57,57
177,3928,6985,2,0.8612117171287537,0.8062971234321594,-0.05491459369659424,0,145,232,325,243,164,171,171
178,3935,686,3,0.9237869381904602,0.7713256478309631,-0.15246129035949707,0,278,143,278,152,284,290,290
179,3955,5119,3,0.9229599833488464,0.8469369411468506,-0.07602304220199585,0,26,275,306,285,24,25,25
180,3975,6872,3,0.9229431748390198,0.8394188284873962,-0.08352434635162354,0,337,350,284,345,330,335,335
181,4034,6597,1,0.8428356051445007,0.8243381381034851,-0.018497467041015625,0,146,270,88,253,147,122,122
182,4071,7038,2,0.860062837600708,0.8765547275543213,0.01649188995361328,1,151,469,424,469,158,179,179
183,4078,2955,2,0.8272914290428162,0.5942280292510986,-0.23306339979171753,0,179,3,75,3,187,161,161
184,4138,5849,3,0.9142106175422668,0.7922988533973694,-0.12191176414489746,0,81,136,51,124,76,64,64
185,4147,1640,2,0.9224658608436584,0.8600277900695801,-0.06243807077407837,0,192,388,373,390,207,212,212
186,4170,6905,2,0.9044498801231384,0.8702887892723083,-0.03416109085083008,0,231,426,409,428,229,256,256
187,4177,7046,2,0.8831906318664551,0.8149986863136292,-0.06819194555282593,0,347,300,354,304,347,374,374
188,4178,4064,2,0.8440173864364624,0.8414425253868103,-0.0025748610496520996,0,263,463,473,468,250,306,306
189,4197,6528,2,0.8786317706108093,0.8876824975013733,0.009050726890563965,1,241,477,477,476,246,287,287
190,4266,2681,2,0.8374159336090088,0.6566816568374634,-0.1807342767715454,0,464,9,1,8,471,448,448
191,4308,6693,1,0.9310624599456787,0.8850128650665283,-0.04604959487915039,0,23,334,277,331,23,18,18
192,4309,6914,5,0.9298388957977295,0.8370154500007629,-0.09282344579696655,0,339,382,324,379,332,357,357
193,4317,7033,2,0.9308274388313293,0.8249024152755737,-0.10592502355575562,0,44,175,131,175,41,37,37
194,4341,1664,3,0.912077009677887,0.8432289958000183,-0.06884801387786865,0,123,360,430,373,139,153,153
195,4342,6993,2,0.8771383166313171,0.8528282642364502,-0.024310052394866943,0,39,377,190,366,38,35,35
196,4360,6829,2,0.8962140679359436,0.8402532935142517,-0.055960774421691895,0,422,336,330,337,428,435,435
197,4384,200,2,0.8905324339866638,0.8573777079582214,-0.03315472602844238,0,164,458,478,466,155,202,202
198,4399,6621,4,0.9423853158950806,0.759925365447998,-0.18245995044708252,0,360,102,176,107,350,345,345
199,4494,6717,5,0.9515393376350403,0.8103147149085999,-0.14122462272644043,0,23,168,106,159,23,22,22
200,4549,2539,2,0.887976884841919,0.7534255385398865,-0.13455134630203247,0,472,67,8,57,473,469,469
201,4561,1146,2,0.8863646984100342,0.8104838728904724,-0.07588082551956177,0,278,283,257,281,282,286,286
202,4578,6981,2,0.8994719982147217,0.8431175351142883,-0.05635446310043335,0,239,366,316,365,240,253,253
203,4583,849,2,0.7802543044090271,0.7872797250747681,0.007025420665740967,1,293,181,143,177,277,258,258
204,4624,6968,1,0.8030703663825989,0.8212655186653137,0.018195152282714844,1,478,352,260,340,478,479,479
205,4626,7028,5,0.949537456035614,0.8239750266075134,-0.12556242942810059,0,32,322,390,327,31,34,34
206,4706,6939,1,0.9153121113777161,0.7909737229347229,-0.12433838844299316,0,347,163,317,174,340,358,358
207,4709,6694,3,0.9412767887115479,0.7978501319885254,-0.14342665672302246,0,256,212,241,209,248,246,246
208,4772,6925,2,0.9186239838600159,0.778178334236145,-0.14044564962387085,0,253,140,283,149,260,259,259
209,4871,953,2,0.8967483639717102,0.8382510542869568,-0.05849730968475342,0,402,349,288,340,391,405,405
210,4876,6937,5,0.9756155610084534,0.8458024263381958,-0.12981313467025757,0,79,283,293,283,73,76,76
211,4925,4878,3,0.8375020623207092,0.7643112540245056,-0.07319080829620361,0,332,189,165,186,310,308,308
212,4934,6987,2,0.941409170627594,0.8171009421348572,-0.12430822849273682,0,117,183,280,189,108,112,112
213,4935,6512,3,0.9432740211486816,0.7835079431533813,-0.1597660779953003,0,1,130,211,138,2,2,2
214,4966,5775,1,0.8518823981285095,0.8306959867477417,-0.021186411380767822,0,436,316,24,284,439,432,432
215,5024,4342,4,0.9462249279022217,0.7479354739189148,-0.19828945398330688,0,85,101,212,107,85,80,80
216,5040,6848,8,0.9605299234390259,0.7766508460044861,-0.1838790774345398,0,85,218,164,212,80,70,70
217,5070,1740,3,0.900556206703186,0.8553458452224731,-0.04521036148071289,0,347,411,151,389,335,329,329
218,5075,6556,2,0.8537904620170593,0.7478992342948914,-0.10589122772216797,0,380,97,192,100,378,379,379
219,5105,6922,1,0.8907262086868286,0.7965192198753357,-0.09420698881149292,0,240,225,322,228,227,235,235
220,5109,7045,2,0.9104467034339905,0.7009445428848267,-0.20950216054916382,0,479,37,38,39,479,479,479
221,5115,6043,3,0.9304044246673584,0.8640828728675842,-0.06632155179977417,0,127,443,377,441,131,138,138
222,5142,545,7,0.9643007516860962,0.5973861813545227,-0.3669145703315735,0,57,102,325,109,55,56,56
223,5191,1883,2,0.9077054262161255,0.836479902267456,-0.07122552394866943,0,32,205,185,201,34,33,33
224,5217,6422,3,0.8952333927154541,0.7521668672561646,-0.14306652545928955,0,468,79,88,81,467,463,463
225,5219,6683,2,0.8664723038673401,0.8180328011512756,-0.04843950271606445,0,431,316,358,319,427,440,440
226,5297,2094,3,0.9281863570213318,0.818995475769043,-0.10919088125228882,0,338,298,317,304,340,354,354
227,5321,5135,2,0.9095761775970459,0.8059818744659424,-0.10359430313110352,0,298,208,187,205,307,305,305
228,5327,7041,2,0.9030927419662476,0.7370939254760742,-0.16599881649017334,0,408,69,67,70,419,408,408
229,5332,5614,2,0.8934268951416016,0.7731436491012573,-0.12028324604034424,0,351,164,297,171,356,368,368
230,5368,5831,9,0.9497628808021545,0.7504863142967224,-0.19927656650543213,0,159,302,100,288,149,137,137
231,5464,6319,3,0.9076069593429565,0.6883362531661987,-0.2192707061767578,0,172,20,148,26,184,161,161
232,5525,4554,2,0.9339689612388611,0.8234811425209045,-0.11048781871795654,0,137,217,306,225,143,147,147
233,5533,5582,3,0.9388507008552551,0.8662580251693726,-0.07259267568588257,0,16,379,263,367,15,15,15
234,5569,6454,3,0.9110795855522156,0.7504479289054871,-0.16063165664672852,0,328,122,258,137,326,335,335
235,5591,2340,2,0.8515994548797607,0.802541196346283,-0.04905825853347778,0,435,418,421,422,437,451,451
236,5595,3393,3,0.9045678377151489,0.6951057314872742,-0.20946210622787476,0,391,22,4,19,390,342,342
237,5670,3033,3,0.8594998717308044,0.6508775949478149,-0.2086222767829895,0,397,21,131,25,391,383,383
238,5674,5436,1,0.9077876806259155,0.8129768371582031,-0.0948108434677124,0,91,162,254,164,84,84,84
239,5724,6403,4,0.9459041953086853,0.7419945597648621,-0.20390963554382324,0,170,65,18,57,167,132,132
240,5760,4466,4,0.9300673007965088,0.7595644593238831,-0.17050284147262573,0,319,86,141,87,321,314,314
241,5761,6693,2,0.8980811834335327,0.8797516822814941,-0.018329501152038574,0,201,445,320,439,196,208,208
242,5813,6918,2,0.9695800542831421,0.825061023235321,-0.14451903104782104,0,27,184,352,197,24,24,24
243,5822,5473,4,0.9280391335487366,0.7627082467079163,-0.1653308868408203,0,325,131,85,122,315,287,287
244,5832,4135,3,0.9490242600440979,0.7558708786964417,-0.19315338134765625,0,154,84,76,80,148,136,136
245,5939,4493,2,0.9353275895118713,0.8490685224533081,-0.08625906705856323,0,349,262,115,249,345,332,332
246,5966,6808,1,0.8951297402381897,0.8388636112213135,-0.05626612901687622,0,165,326,200,317,159,152,152
247,6012,6912,7,0.9305959343910217,0.6039620637893677,-0.32663387060165405,0,251,243,461,278,261,297,297
248,6019,6825,4,0.9447231292724609,0.8469517230987549,-0.09777140617370605,0,84,391,440,405,79,96,96
249,6098,6761,1,0.9033517241477966,0.8598532676696777,-0.043498456478118896,0,115,373,431,385,116,130,130
250,6101,6427,1,0.913731038570404,0.7764015197753906,-0.13732951879501343,0,216,113,132,110,226,210,210
251,6113,2723,3,0.9535630345344543,0.8591541051864624,-0.09440892934799194,0,2,425,462,436,2,2,2
252,6129,7038,3,0.9072534441947937,0.8470884561538696,-0.06016498804092407,0,62,465,473,467,61,84,84
253,6132,6973,2,0.9474931359291077,0.7396835088729858,-0.20780962705612183,0,305,48,66,48,298,275,275
254,6160,6609,2,0.9390730261802673,0.8728382587432861,-0.0662347674369812,0,158,328,103,309,151,134,134
255,6230,5638,3,0.9335280656814575,0.7405257821083069,-0.19300228357315063,0,299,49,15,45,273,222,222
256,6313,6176,1,0.908402144908905,0.8705747127532959,-0.03782743215560913,0,356,378,153,358,332,324,324
257,6326,6801,3,0.9129898548126221,0.6857503652572632,-0.2272394895553589,0,366,22,81,23,372,361,361
258,6334,4100,2,0.8966953754425049,0.8234816789627075,-0.07321369647979736,0,74,274,436,296,75,87,87
259,6356,6034,1,0.8097409009933472,0.8810267448425293,0.07128584384918213,1,188,474,474,474,196,253,253
260,6371,1321,2,0.9155052900314331,0.8462008833885193,-0.06930440664291382,0,78,337,204,324,73,74,74
261,6390,7035,2,0.8900032043457031,0.7922926545143127,-0.09771054983139038,0,210,190,110,180,214,201,201
262,6437,4644,2,0.9008259177207947,0.7722777724266052,-0.12854814529418945,0,453,137,82,127,459,454,454
263,6443,6002,2,0.9181382060050964,0.8526445031166077,-0.06549370288848877,0,235,377,418,388,236,258,258
264,6487,6164,2,0.8950642943382263,0.8690646886825562,-0.025999605655670166,0,458,397,102,377,458,457,457
265,6558,4878,2,0.9075606465339661,0.7839323878288269,-0.12362825870513916,0,437,145,57,132,431,425,425
266,6575,6925,6,0.9524177312850952,0.7034844160079956,-0.2489333152770996,0,162,130,335,143,166,182,182
267,6607,5003,5,0.9208737015724182,0.8401470184326172,-0.08072668313980103,0,15,456,460,456,14,16,16
268,6636,2486,2,0.8782157301902771,0.6192037463188171,-0.25901198387145996,0,422,5,23,5,414,399,399
269,6729,4609,1,0.8133854269981384,0.8383474946022034,0.02496206760406494,1,453,450,174,442,456,457,457
270,6740,6984,4,0.890011727809906,0.8312569260597229,-0.058754801750183105,0,206,466,471,470,214,264,264
271,6852,678,2,0.9237664341926575,0.7949283123016357,-0.12883812189102173,0,143,150,105,139,132,114,114
272,6873,4067,2,0.9398908019065857,0.7940942645072937,-0.145796537399292,0,140,152,258,157,140,137,137
273,6903,6598,2,0.947848379611969,0.8685909509658813,-0.07925742864608765,0,152,307,252,304,148,152,152
274,6928,7041,3,0.916898787021637,0.7243862152099609,-0.19251257181167603,0,364,73,142,77,365,352,352
275,6999,6528,1,0.8571843504905701,0.898664653301239,0.041480302810668945,1,205,476,468,476,217,254,254
276,7013,5684,1,0.882948100566864,0.8881909251213074,0.005242824554443359,1,169,449,417,449,164,187,187
277,7028,1238,2,0.9043099284172058,0.8024596571922302,-0.10185027122497559,0,145,124,104,118,134,117,117
278,7084,5986,2,0.9275423884391785,0.733691394329071,-0.19385099411010742,0,57,41,70,41,61,43,43
279,7088,2826,2,0.9116138815879822,0.8470566868782043,-0.06455719470977783,0,417,343,258,341,416,418,418
280,7097,3173,2,0.9317492246627808,0.806827187538147,-0.12492203712463379,0,222,167,88,151,212,194,194
281,7138,1785,4,0.92555171251297,0.6154761910438538,-0.3100755214691162,0,161,9,99,9,172,158,158
282,7164,6410,7,0.8744761347770691,0.6726202368736267,-0.20185589790344238,0,276,443,154,436,290,274,274
283,7220,6800,4,0.8916553854942322,0.7735952138900757,-0.1180601716041565,0,95,106,16,89,100,64,64
284,7232,1444,2,0.9437313675880432,0.8149094581604004,-0.12882190942764282,0,228,199,281,202,238,240,240
285,7277,6028,4,0.941887617111206,0.7963564395904541,-0.14553117752075195,0,171,221,224,218,177,177,177
286,7293,6503,4,0.9332740902900696,0.7777770161628723,-0.15549707412719727,0,356,204,339,217,353,358,358
287,7354,5943,2,0.9082564115524292,0.8573725819587708,-0.05088382959365845,0,182,370,336,371,178,188,188
288,7406,5653,3,0.876544177532196,0.7132008075714111,-0.1633433699607849,0,470,65,92,64,469,466,466
289,7425,7011,2,0.8961167335510254,0.8291527032852173,-0.0669640302658081,0,318,340,217,334,319,313,313
290,7428,7039,2,0.9417986869812012,0.8357086777687073,-0.1060900092124939,0,6,312,460,336,6,7,7
291,7442,6916,6,0.9079394936561584,0.6935726404190063,-0.2143668532371521,0,325,82,54,71,320,293,293
292,7452,7011,2,0.8852972388267517,0.8287492394447327,-0.05654799938201904,0,338,374,215,357,348,349,349
293,7458,6771,3,0.9244740009307861,0.8555055260658264,-0.06896847486495972,0,84,403,372,407,83,92,92
294,7466,6987,2,0.91476970911026,0.8170467615127563,-0.09772294759750366,0,284,258,282,259,247,257,257
295,7468,7028,2,0.9259499907493591,0.8663557767868042,-0.05959421396255493,0,4,345,171,328,4,4,4
296,7475,6849,1,0.898720383644104,0.8543650507926941,-0.04435533285140991,0,155,256,290,261,144,142,142
297,7479,6916,3,0.9388774037361145,0.7657608389854431,-0.1731165647506714,0,261,81,20,74,260,212,212
298,7481,6937,4,0.9619504809379578,0.8398501873016357,-0.12210029363632202,0,135,317,296,321,133,135,135
299,7482,6528,2,0.8886399269104004,0.8874350786209106,-0.001204848289489746,0,87,477,477,477,88,114,114
300,7483,7030,2,0.9119027853012085,0.8416293859481812,-0.07027339935302734,0,118,352,368,361,111,123,123
301,7492,6998,3,0.9284529089927673,0.8529466986656189,-0.07550621032714844,0,49,436,459,441,48,53,53
302,7497,7006,2,0.915706217288971,0.826198160648346,-0.089508056640625,0,58,268,246,271,65,66,66
303,7506,7025,2,0.9148671627044678,0.8313074707984924,-0.08355969190597534,0,85,225,234,226,82,76,76
304,7512,6966,2,0.8739207983016968,0.855588972568512,-0.018331825733184814,0,172,353,298,351,188,194,194
305,7515,6939,3,0.9468594193458557,0.7875680923461914,-0.1592913269996643,0,246,149,250,159,235,236,236
306,7522,7013,2,0.8838961124420166,0.8247420191764832,-0.05915409326553345,0,288,381,328,378,296,306,306
307,7534,3600,2,0.9010723233222961,0.8466630578041077,-0.05440926551818848,0,133,395,465,417,139,165,165
308,7542,4346,3,0.9550145268440247,0.7914965152740479,-0.1635180115699768,0,21,122,157,118,17,19,19
309,7590,4988,2,0.8428910374641418,0.7429677248001099,-0.09992331266403198,0,457,95,65,86,464,461,461
310,7638,6533,1,0.870945155620575,0.8728789687156677,0.0019338130950927734,1,323,439,244,433,305,318,318
311,7671,6972,2,0.9606202840805054,0.8061087727546692,-0.15451151132583618,0,12,125,77,121,12,9,9
312,7704,6873,1,0.8753660321235657,0.8246989250183105,-0.05066710710525513,0,17,248,388,259,18,19,19
313,7718,5041,2,0.9211734533309937,0.8717511296272278,-0.04942232370376587,0,21,397,278,389,29,27,27
314,7724,4774,2,0.9309666156768799,0.6799947619438171,-0.25097185373306274,0,356,14,47,15,341,318,318
315,7735,6739,3,0.9374462962150574,0.6989545822143555,-0.2384917140007019,0,242,19,12,17,221,176,176
316,7774,1616,3,0.8716729283332825,0.8610855340957642,-0.01058739423751831,0,74,475,478,475,81,120,120
317,7824,4364,5,0.9189157485961914,0.8152086138725281,-0.10370713472366333,0,339,430,463,439,331,370,370
318,7838,4609,3,0.9071775078773499,0.8338720202445984,-0.07330548763275146,0,5,343,176,327,5,6,6
319,7859,6916,1,0.8982939720153809,0.7547692656517029,-0.14352470636367798,0,247,73,35,68,223,193,193
320,7890,5376,2,0.9317593574523926,0.7900449633598328,-0.14171439409255981,0,143,191,420,211,143,160,160
321,7988,486,2,0.9030635952949524,0.7817455530166626,-0.1213180422782898,0,346,132,98,126,331,304,304
322,8036,1746,1,0.8631876111030579,0.7826353311538696,-0.08055227994918823,0,397,170,148,162,393,390,390
323,8037,6397,2,0.8491936326026917,0.864672064781189,0.015478432178497314,1,114,339,267,339,96,101,101
324,8045,4813,3,0.9062513113021851,0.8505821228027344,-0.055669188499450684,0,122,384,330,386,107,114,114
325,8119,4800,2,0.9011654853820801,0.8080477714538574,-0.09311771392822266,0,234,197,142,189,224,203,203
326,8131,6971,1,0.8865140080451965,0.8260126113891602,-0.06050139665603638,0,191,328,367,336,184,194,194
327,8151,5448,2,0.832175612449646,0.8243287205696106,-0.0078468918800354,0,297,340,108,317,292,276,276
328,8165,6938,3,0.8990727663040161,0.8879805207252502,-0.01109224557876587,0,38,473,403,470,38,40,40
329,8170,6793,1,0.8482434749603271,0.8825106620788574,0.03426718711853027,1,308,416,382,415,319,343,343
330,8180,5246,1,0.9184262752532959,0.7509890198707581,-0.16743725538253784,0,448,65,42,64,453,448,448
331,8204,6988,2,0.8979489207267761,0.8387934565544128,-0.05915546417236328,0,442,387,389,394,435,447,447
332,8210,6598,2,0.9078876972198486,0.8694846034049988,-0.038403093814849854,0,33,371,255,363,32,35,35
333,8244,6741,2,0.8141617774963379,0.8250247836112976,0.010863006114959717,1,394,463,357,462,405,419,419
334,8293,3047,2,0.8727380633354187,0.8431861400604248,-0.029551923274993896,0,106,425,469,437,119,156,156
335,8354,6890,6,0.9245015978813171,0.7149391770362854,-0.20956242084503174,0,425,201,334,211,433,441,441
336,8513,6823,1,0.6914331316947937,0.8167513012886047,0.12531816959381104,1,52,50,460,68,47,57,57
337,8536,3955,3,0.9015213847160339,0.788745105266571,-0.11277627944946289,0,64,322,463,345,63,75,75
338,8574,6715,2,0.9280405044555664,0.8915083408355713,-0.03653216361999512,0,26,440,343,430,26,25,25
339,8577,6822,3,0.9321863651275635,0.7181718349456787,-0.21401453018188477,0,365,47,188,52,358,360,360
340,8623,539,3,0.9312851428985596,0.6939974427223206,-0.237287700176239,0,395,27,36,26,401,384,384
341,8648,6941,3,0.9464771151542664,0.8059279322624207,-0.1405491828918457,0,106,217,344,228,114,112,112
342,8865,1836,2,0.9036833643913269,0.8126610517501831,-0.0910223126411438,0,315,210,57,191,326,301,301
343,8955,5433,2,0.9306906461715698,0.8126615285873413,-0.11802911758422852,0,424,231,221,228,419,423,423
344,8963,1594,2,0.8833143711090088,0.8611161708831787,-0.022198200225830078,0,172,366,171,352,170,160,160
345,8977,6976,3,0.9320437908172607,0.859213650226593,-0.07283014059066772,0,130,345,271,335,133,132,132
346,8983,6460,2,0.9252186417579651,0.7929299473762512,-0.13228869438171387,0,39,129,180,132,36,33,33
347,9030,7018,2,0.8676320314407349,0.6953384280204773,-0.17229360342025757,0,409,34,61,34,395,382,382
348,9084,6911,2,0.8903870582580566,0.7739564180374146,-0.11643064022064209,0,373,126,180,126,364,366,366
349,9105,5616,3,0.9223183989524841,0.764732301235199,-0.15758609771728516,0,164,90,85,87,160,137,137
350,9118,7040,2,0.9036903381347656,0.8427419066429138,-0.06094843149185181,0,218,348,435,363,208,236,236
351,9196,7030,2,0.9006660580635071,0.8423742651939392,-0.05829179286956787,0,138,382,371,386,142,155,155
352,9212,580,2,0.9323042035102844,0.8280836939811707,-0.10422050952911377,0,347,289,391,312,347,367,367
353,9217,4342,2,0.9315570592880249,0.7697359919548035,-0.16182106733322144,0,361,97,205,101,342,338,338
354,9227,681,4,0.9311755895614624,0.7388006448745728,-0.19237494468688965,0,267,79,89,80,279,259,259
355,9343,2389,3,0.9194431304931641,0.8601610064506531,-0.059282124042510986,0,12,403,336,398,12,11,11
356,9425,4717,1,0.8730999231338501,0.8566338419914246,-0.016466081142425537,0,247,385,450,399,225,258,258
357,9467,6940,1,0.9330719113349915,0.8883784413337708,-0.0446934700012207,0,23,332,194,326,23,22,22
358,9584,6536,2,0.8772440552711487,0.8497401475906372,-0.027503907680511475,0,100,367,380,371,107,112,112
359,9650,6775,1,0.8964282870292664,0.8558644652366638,-0.04056382179260254,0,125,413,369,417,127,140,140
360,9698,6470,2,0.9332269430160522,0.8567900657653809,-0.07643687725067139,0,20,343,411,355,18,22,22
361,9699,6739,4,0.9074400663375854,0.6805749535560608,-0.22686511278152466,0,436,24,11,20,431,413,413
362,9700,7010,1,0.8999276161193848,0.841046929359436,-0.05888068675994873,0,98,347,403,356,99,106,106
363,9833,2240,2,0.9074668884277344,0.8603115081787109,-0.04715538024902344,0,97,368,350,373,92,98,98
364,9910,6649,3,0.9077467322349548,0.8256938457489014,-0.08205288648605347,0,396,284,241,274,390,399,399
365,9957,6045,4,0.9422141313552856,0.7829790711402893,-0.15923506021499634,0,133,144,116,138,134,117,117
366,9992,2949,4,0.9233644604682922,0.8017745614051819,-0.12158989906311035,0,141,298,410,312,141,155,155
367,10022,7011,2,0.8865959048271179,0.8291444182395935,-0.057451486587524414,0,372,331,215,320,363,365,365
368,10025,646,2,0.9160889387130737,0.7903448343276978,-0.12574410438537598,0,389,165,149,163,400,393,393
369,10041,6447,2,0.948234498500824,0.7736774682998657,-0.17455703020095825,0,51,96,158,97,52,48,48
370,10048,3408,4,0.9239041209220886,0.7818103432655334,-0.14209377765655518,0,102,175,64,156,115,98,98
371,10131,2626,3,0.9504679441452026,0.7197632789611816,-0.230704665184021,0,127,43,119,43,128,114,114
372,10140,6444,2,0.8947964310646057,0.7833889126777649,-0.11140751838684082,0,162,87,30,80,159,128,128
373,10178,6711,6,0.8730549216270447,0.6815879940986633,-0.19146692752838135,0,455,103,26,95,457,450,450
374,10197,663,4,0.948147177696228,0.821438193321228,-0.126708984375,0,140,311,387,320,147,159,159
375,10219,7040,5,0.9544073939323425,0.8462798595428467,-0.10812753438949585,0,248,317,258,313,239,238,238
376,10230,6734,2,0.9309580326080322,0.773095965385437,-0.15786206722259521,0,8,51,220,60,8,7,7
377,10256,6747,1,0.8603892922401428,0.7842532396316528,-0.07613605260848999,0,180,160,299,170,177,184,184
378,10383,3714,1,0.9206858277320862,0.70209139585495,-0.21859443187713623,0,453,36,59,35,452,452,452
379,10388,5748,3,0.9309738874435425,0.789991021156311,-0.14098286628723145,0,290,228,369,238,285,298,298
380,10389,7005,3,0.9151387214660645,0.7793978452682495,-0.13574087619781494,0,307,153,130,153,301,287,287
381,10395,6965,2,0.8930408358573914,0.8657490015029907,-0.027291834354400635,0,399,381,76,352,408,393,393
382,10408,6717,2,0.9296419620513916,0.8058599829673767,-0.12378197908401489,0,298,193,165,191,297,294,294
383,10414,2186,3,0.9248343110084534,0.7500462532043457,-0.17478805780410767,0,344,86,171,87,324,320,320
384,10472,6465,2,0.882512629032135,0.8786895871162415,-0.0038230419158935547,0,113,473,394,473,123,127,127
385,10475,6873,2,0.8833600282669067,0.8325573205947876,-0.05080270767211914,0,342,325,257,323,333,335,335
386,10567,696,2,0.8656877279281616,0.8535788059234619,-0.012108922004699707,0,291,448,471,455,309,353,353
387,10596,7037,4,0.9550681114196777,0.7476882338523865,-0.20737987756729126,0,4,61,73,64,4,4,4
388,10604,4825,2,0.9448345303535461,0.7951101064682007,-0.14972442388534546,0,6,115,105,111,6,6,6
389,10612,7030,3,0.8904258608818054,0.8140286803245544,-0.07639718055725098,0,281,433,469,443,291,316,316
390,10650,6027,3,0.9042522311210632,0.8232574462890625,-0.08099478483200073,0,137,321,223,309,139,135,135
391,10763,2373,3,0.8868651986122131,0.8263277411460876,-0.06053745746612549,0,331,382,284,377,346,354,354
392,10899,6528,5,0.9294312000274658,0.8530235290527344,-0.07640767097473145,0,2,474,475,475,2,2,2
393,10906,1456,2,0.8795397877693176,0.7292730212211609,-0.15026676654815674,0,461,43,63,44,460,460,460
394,11020,7038,6,0.9321247339248657,0.7956063747406006,-0.13651835918426514,0,13,450,412,453,13,16,16
395,11056,6739,2,0.9292843341827393,0.6927591562271118,-0.23652517795562744,0,313,17,24,16,305,258,258
396,11085,1989,2,0.8818461298942566,0.8341503143310547,-0.047695815563201904,0,44,438,470,448,42,51,51
397,11161,755,2,0.901702344417572,0.8042553067207336,-0.09744703769683838,0,348,229,260,233,353,361,361
398,11176,3681,3,0.9721079468727112,0.7436056733131409,-0.2285022735595703,0,8,64,368,76,8,8,8
399,11238,3732,2,0.89527827501297,0.8383584022521973,-0.056919872760772705,0,173,340,305,339,168,170,170
400,11265,6561,2,0.9109801650047302,0.6949319243431091,-0.2160482406616211,0,350,12,4,11,341,293,293
401,11310,6725,2,0.9041973948478699,0.7460184693336487,-0.1581789255142212,0,78,69,24,63,83,53,53
402,11312,7034,2,0.9316169023513794,0.7936887145042419,-0.13792818784713745,0,299,160,190,162,299,292,292
403,11314,5578,2,0.945906937122345,0.8187284469604492,-0.12717849016189575,0,279,198,150,195,283,274,274
404,11336,5827,3,0.9477022886276245,0.8408828377723694,-0.10681945085525513,0,24,263,143,251,26,22,22
405,11396,6160,2,0.9029151201248169,0.7513090372085571,-0.15160608291625977,0,160,70,140,75,173,154,154
406,11406,774,3,0.9502946138381958,0.8397234082221985,-0.11057120561599731,0,240,320,393,328,242,253,253
407,11490,7038,3,0.8931228518486023,0.8470849394798279,-0.046037912368774414,0,1,461,474,467,1,1,1
408,11503,7011,4,0.8985446691513062,0.8138181567192078,-0.08472651243209839,0,406,354,134,334,397,399,399
409,11545,5775,3,0.8900328278541565,0.8203355073928833,-0.0696973204612732,0,293,319,85,289,313,299,299
410,11620,6664,3,0.9265689253807068,0.8015496730804443,-0.12501925230026245,0,163,165,104,160,157,142,142
411,11621,5246,2,0.941470742225647,0.758173942565918,-0.183296799659729,0,319,56,31,56,329,290,290
412,11725,4585,3,0.9354791045188904,0.7506011724472046,-0.1848779320716858,0,162,62,115,65,148,139,139
413,11752,6937,2,0.947661280632019,0.8605088591575623,-0.08715242147445679,0,129,321,321,328,132,134,134
414,11822,1801,3,0.9248513579368591,0.7898859977722168,-0.13496536016464233,0,57,134,150,134,58,48,48
415,11883,1792,2,0.8171517848968506,0.6599144339561462,-0.15723735094070435,0,468,30,115,33,466,467,467
416,11899,2111,2,0.9105104804039001,0.8759996891021729,-0.034510791301727295,0,258,431,400,430,267,288,288
417,11901,2373,3,0.899694561958313,0.825900673866272,-0.07379388809204102,0,349,375,282,366,363,365,365
418,11970,1427,2,0.9256967306137085,0.8194704055786133,-0.10622632503509521,0,415,239,293,240,417,425,425
419,11980,1822,3,0.9511808156967163,0.8078869581222534,-0.1432938575744629,0,95,249,441,273,86,101,101
420,11983,5764,2,0.8965936303138733,0.6954212188720703,-0.20117241144180298,0,61,11,14,11,67,47,47
421,12015,5356,1,0.8672572374343872,0.8281177878379822,-0.03913944959640503,0,451,312,242,306,454,456,456
422,12075,5432,3,0.913562536239624,0.8153406381607056,-0.09822189807891846,0,418,276,236,269,417,427,427
423,12112,3484,2,0.860825777053833,0.6583493947982788,-0.2024763822555542,0,263,14,34,13,259,230,230
424,12120,5422,1,0.7424380779266357,0.7154941558837891,-0.02694392204284668,0,414,70,82,66,414,402,402
425,12122,4549,2,0.8531630039215088,0.7183169722557068,-0.134846031665802,0,443,32,12,28,443,431,431
426,12153,6620,2,0.9382497668266296,0.8218320608139038,-0.11641770601272583,0,163,189,142,185,171,157,157
427,12163,6888,2,0.9295951724052429,0.8760601282119751,-0.05353504419326782,0,361,429,442,436,348,375,375
428,12187,844,3,0.8907123804092407,0.8383631110191345,-0.0523492693901062,0,321,378,227,370,315,318,318
429,12192,7012,1,0.9200523495674133,0.7099966406822205,-0.21005570888519287,0,280,37,146,37,279,261,261
430,12195,5388,2,0.949359118938446,0.7831413149833679,-0.16621780395507812,0,133,94,94,91,127,112,112
431,12197,5417,2,0.903195858001709,0.8087064027786255,-0.0944894552230835,0,42,243,274,243,57,50,50
432,12200,2595,4,0.9068566560745239,0.7795084118843079,-0.12734824419021606,0,313,237,80,224,326,305,305
433,12202,6998,3,0.9004237055778503,0.8530194759368896,-0.04740422964096069,0,229,447,459,450,221,263,263
434,12219,845,2,0.9135051369667053,0.8626174926757812,-0.05088764429092407,0,231,356,188,348,216,204,204
435,12222,5186,2,0.9138513803482056,0.9074428677558899,-0.006408512592315674,0,69,432,168,419,70,64,64
436,12270,6482,2,0.9348117113113403,0.8078728318214417,-0.12693887948989868,0,219,146,96,135,201,181,181
437,12288,7012,1,0.8679392337799072,0.7101297974586487,-0.15780943632125854,0,102,40,144,42,103,91,91
438,12324,6993,2,0.9174025058746338,0.8523234724998474,-0.06507903337478638,0,27,320,197,311,26,22,22
439,12398,3482,2,0.9472122192382812,0.8552155494689941,-0.09199666976928711,0,11,299,330,309,11,11,11
440,12419,4362,2,0.9453955888748169,0.7999216318130493,-0.14547395706176758,0,2,63,50,61,2,2,2
441,12443,7043,2,0.9361757636070251,0.7734405398368835,-0.1627352237701416,0,234,75,51,70,207,178,178
442,12492,6983,3,0.9569393396377563,0.816274106502533,-0.1406652331352234,0,118,215,302,226,113,115,115
443,12497,6176,1,0.8789129853248596,0.8698529005050659,-0.009060084819793701,0,229,412,145,392,217,215,215
444,12586,6208,7,0.9376111626625061,0.6523082852363586,-0.28530287742614746,0,102,290,305,287,106,107,107
445,12865,3440,2,0.8356738686561584,0.7873877286911011,-0.04828613996505737,0,451,319,110,300,459,456,456
446,12866,6800,3,0.8836357593536377,0.7847927212715149,-0.0988430380821228,0,310,102,34,93,311,284,284
447,12907,5553,2,0.9130995273590088,0.7647910714149475,-0.14830845594406128,0,176,117,189,122,189,169,169
448,12929,1905,2,0.875639796257019,0.8109039664268494,-0.06473582983016968,0,316,291,91,272,312,289,289
449,12939,1197,2,0.9206975698471069,0.8541223406791687,-0.06657522916793823,0,85,348,287,346,90,87,87
450,12950,1148,6,0.9326601624488831,0.7227839827537537,-0.2098761796951294,0,149,153,149,151,154,133,133
451,13000,3245,3,0.9346345067024231,0.8012341260910034,-0.13340038061141968,0,230,148,46,134,225,200,200
452,13032,2847,2,0.9521672129631042,0.8260726928710938,-0.1260945200920105,0,93,226,335,233,98,103,103
453,13044,4303,2,0.9482499957084656,0.772270917892456,-0.17597907781600952,0,40,90,121,90,41,35,35
454,13097,4656,2,0.9194455146789551,0.7393826842308044,-0.18006283044815063,0,126,52,97,55,124,105,105
455,13180,6745,3,0.9518125057220459,0.8111277222633362,-0.14068478345870972,0,58,167,101,152,59,53,53
456,13187,6714,2,0.8933162689208984,0.7496655583381653,-0.14365071058273315,0,255,69,56,67,275,242,242
457,13224,6386,5,0.9290046095848083,0.7954226732254028,-0.13358193635940552,0,268,285,362,293,275,288,288
458,13295,3360,2,0.9115654230117798,0.7425583600997925,-0.1690070629119873,0,345,46,29,42,353,324,324
459,13309,6663,2,0.938791811466217,0.8599412441253662,-0.07885056734085083,0,131,353,241,345,127,124,124
460,13351,5218,1,0.7379816174507141,0.784243106842041,0.046261489391326904,1,395,384,191,376,396,398,398
461,13360,6208,2,0.9298905730247498,0.8240413665771484,-0.10584920644760132,0,155,256,410,274,158,181,181
462,13363,6926,2,0.8718820810317993,0.7529265284538269,-0.11895555257797241,0,366,231,379,241,372,391,391
463,13433,5047,1,0.8833466172218323,0.8352979421615601,-0.04804867506027222,0,117,336,447,359,101,124,124
464,13438,5131,1,0.9221562147140503,0.7940660715103149,-0.12809014320373535,0,72,140,281,153,73,77,77
465,13457,6164,2,0.9310687780380249,0.8692904114723206,-0.061778366565704346,0,103,340,105,318,101,91,91
466,13497,6500,2,0.8960467576980591,0.7300017476081848,-0.16604501008987427,0,318,82,243,87,323,322,322
467,13567,6913,4,0.8941043019294739,0.719031035900116,-0.1750732660293579,0,460,80,121,82,461,458,458
468,13723,6877,1,0.8677484393119812,0.8349192142486572,-0.032829225063323975,0,30,348,444,362,31,35,35
469,13733,3774,2,0.8179677128791809,0.857292652130127,0.039324939250946045,1,391,474,317,471,386,400,400
470,13762,6886,1,0.8857928514480591,0.8656770586967468,-0.020115792751312256,0,125,346,405,357,124,131,131
471,13770,3315,3,0.9199053645133972,0.8363534808158875,-0.08355188369750977,0,89,280,242,276,86,75,75
472,13819,6636,2,0.8527783751487732,0.8195664286613464,-0.03321194648742676,0,461,306,276,305,453,461,461
473,13821,6456,1,0.6358818411827087,0.8041731119155884,0.16829127073287964,1,111,152,203,152,102,98,98
474,13834,6913,1,0.7944291830062866,0.7375805377960205,-0.05684864521026611,0,424,94,118,94,425,419,419
475,13843,3999,3,0.8540026545524597,0.6077582836151123,-0.2462443709373474,0,234,3,3,3,236,163,163
476,13854,6744,2,0.9317013025283813,0.8654171824455261,-0.06628412008285522,0,160,342,215,335,159,152,152
477,13886,7048,2,0.8845386505126953,0.7521172165870667,-0.13242143392562866,0,264,102,391,124,242,266,266
478,13984,4386,2,0.9355989694595337,0.7745955586433411,-0.16100341081619263,0,374,124,206,129,399,404,404
479,14075,6966,2,0.9216603636741638,0.8548935651779175,-0.06676679849624634,0,177,349,293,345,190,194,194
480,14111,6951,2,0.9340792894363403,0.705718994140625,-0.22836029529571533,0,445,36,59,38,448,437,437
481,14128,4977,3,0.9426624178886414,0.8480035662651062,-0.09465885162353516,0,120,293,295,293,112,113,113
482,14132,5946,2,0.8902027606964111,0.8553556203842163,-0.034847140312194824,0,65,455,454,456,68,77,77
483,14196,3920,2,0.9222345352172852,0.8221061825752258,-0.10012835264205933,0,62,218,149,210,65,60,60
484,14230,4055,2,0.9450892210006714,0.8096463680267334,-0.135442852973938,0,333,168,194,165,312,303,303
485,14282,6757,2,0.9119683504104614,0.7151427268981934,-0.19682562351226807,0,335,37,41,34,347,317,317
486,14295,4187,2,0.9075615406036377,0.8692010045051575,-0.038360536098480225,0,280,425,225,413,299,299,299
487,14304,6489,4,0.9533060193061829,0.7618738412857056,-0.1914321780204773,0,271,126,261,129,284,292,292
488,14323,6464,2,0.9391318559646606,0.8019099831581116,-0.13722187280654907,0,251,152,267,164,238,236,236
489,14342,6219,2,0.9095410704612732,0.7845421433448792,-0.12499892711639404,0,8,150,168,151,8,6,6
490,14383,4705,2,0.843916654586792,0.8548583388328552,0.010941684246063232,1,336,471,437,471,331,357,357
491,14475,4897,2,0.928004264831543,0.7968153953552246,-0.13118886947631836,0,301,163,319,178,291,315,315
492,14594,3994,2,0.8865645527839661,0.7490121126174927,-0.1375524401664734,0,330,68,16,60,341,309,309
493,14601,7031,2,0.8103941679000854,0.5617974996566772,-0.2485966682434082,0,458,1,3,1,460,454,454
494,14605,6290,2,0.9270395636558533,0.8610194325447083,-0.06602013111114502,0,47,351,401,363,46,51,51
495,14668,6865,1,0.8906459212303162,0.8025935292243958,-0.08805239200592041,0,274,200,306,208,270,277,277
496,14680,6556,3,0.957717776298523,0.7369060516357422,-0.22081172466278076,0,50,60,246,72,43,45,45
497,14759,6222,2,0.8907958269119263,0.7880107164382935,-0.10278511047363281,0,462,174,71,153,463,461,461
498,14780,5867,1,0.915461003780365,0.8674376010894775,-0.04802340269088745,0,3,282,434,303,3,4,4
499,14851,6500,1,0.8516730070114136,0.7299872040748596,-0.12168580293655396,0,212,60,224,67,199,198,198
500,14863,4118,2,0.900375247001648,0.871853768825531,-0.028521478176116943,0,264,412,181,399,258,253,253
501,15052,3251,2,0.9102891087532043,0.7784674763679504,-0.1318216323852539,0,275,204,407,223,265,294,294
502,15117,3653,4,0.9350111484527588,0.8372774720191956,-0.09773367643356323,0,390,418,379,420,387,403,403
503,15189,6735,3,0.9162033200263977,0.8666908740997314,-0.04951244592666626,0,74,414,315,415,70,71,71
504,15307,2503,2,0.924769401550293,0.8658561706542969,-0.058913230895996094,0,342,332,278,331,335,344,344
505,15456,6964,2,0.9394274353981018,0.8609201312065125,-0.07850730419158936,0,153,345,365,351,149,158,158
506,15508,5779,2,0.9115220904350281,0.7808564305305481,-0.13066565990447998,0,94,157,257,163,107,106,106
507,15532,7041,2,0.9312865734100342,0.7378839254379272,-0.19340264797210693,0,208,68,65,67,210,185,185
508,15551,6874,2,0.9168728590011597,0.8458976745605469,-0.07097518444061279,0,289,384,396,387,275,312,312
509,15606,6986,1,0.8820331692695618,0.8661308884620667,-0.015902280807495117,0,100,424,346,425,92,94,94
510,15635,1551,2,0.9263430833816528,0.8229151964187622,-0.10342788696289062,0,170,232,366,244,171,176,176
511,15669,2023,4,0.9306666851043701,0.8130863904953003,-0.11758029460906982,0,81,264,259,265,84,86,86
512,15715,6286,3,0.9643860459327698,0.8319688439369202,-0.1324172019958496,0,10,227,260,227,8,7,7
513,15716,6176,2,0.9181632399559021,0.8459165692329407,-0.07224667072296143,0,138,349,428,367,137,147,147
514,15725,1370,2,0.8965312242507935,0.7875213623046875,-0.10900986194610596,0,68,187,230,189,65,59,59
515,15730,3880,2,0.9428489208221436,0.9046738743782043,-0.03817504644393921,0,207,432,353,430,199,207,207
516,15733,5663,2,0.9084653258323669,0.7725721001625061,-0.13589322566986084,0,179,178,381,199,185,202,202
517,15788,6888,2,0.9322372078895569,0.8762471675872803,-0.05599004030227661,0,86,429,441,435,88,96,96
518,15853,6786,3,0.8934520483016968,0.7576701641082764,-0.1357818841934204,0,367,118,161,121,353,352,352
519,15994,5781,1,0.8705076575279236,0.7668558359146118,-0.10365182161331177,0,281,189,402,213,290,316,316
520,16007,6632,2,0.9098391532897949,0.7667441368103027,-0.1430950164794922,0,24,128,322,137,24,24,24
521,16017,6566,2,0.9118682146072388,0.8397888541221619,-0.0720793604850769,0,56,331,263,327,62,55,55
522,16029,6525,3,0.94349604845047,0.7371642589569092,-0.2063317894935608,0,367,53,33,52,371,346,346
523,16077,3105,1,0.8522179126739502,0.8062901496887207,-0.04592776298522949,0,181,163,83,153,179,156,156
524,16099,3662,3,0.9193037748336792,0.8451847434043884,-0.07411903142929077,0,25,350,292,346,21,22,22
525,16164,3808,3,0.9185032248497009,0.8458591103553772,-0.07264411449432373,0,244,383,326,380,237,251,251
526,16169,7043,2,0.9044448733329773,0.7722818851470947,-0.13216298818588257,0,406,107,51,102,396,369,369
527,16181,4515,2,0.9434055685997009,0.8370252251625061,-0.10638034343719482,0,45,243,332,248,45,48,48
528,16184,5471,4,0.9492799639701843,0.8031219840049744,-0.14615797996520996,0,291,243,316,244,280,293,293
529,16189,4077,2,0.898411214351654,0.674303412437439,-0.2241078019142151,0,408,13,6,12,424,398,398
530,16328,6403,2,0.9088709950447083,0.7561166286468506,-0.15275436639785767,0,177,72,37,67,173,147,147
531,16353,6208,2,0.9299555420875549,0.8248127102851868,-0.10514283180236816,0,119,283,407,300,118,134,134
532,16376,4672,2,0.948125958442688,0.8107635974884033,-0.13736236095428467,0,21,200,451,230,19,25,25
533,16396,6444,1,0.9047248959541321,0.7664487957954407,-0.1382761001586914,0,158,111,124,115,141,134,134
534,16407,5456,1,0.8817940354347229,0.7693986296653748,-0.11239540576934814,0,160,103,25,90,163,131,131
535,16477,5883,2,0.9020175337791443,0.7698719501495361,-0.13214558362960815,0,430,101,65,97,430,430,430
536,16483,6199,1,0.9221000075340271,0.7324157357215881,-0.18968427181243896,0,42,31,79,31,36,28,28
537,16517,1693,3,0.9388955235481262,0.8248684406280518,-0.11402708292007446,0,157,310,377,315,155,164,164
538,16529,6984,1,0.8120299577713013,0.8851001858711243,0.073070228099823,1,171,471,290,469,183,188,188
539,16563,6528,1,0.8876994252204895,0.8986490368843079,0.01094961166381836,1,42,470,468,473,44,54,54
540,16600,1644,2,0.9110381007194519,0.7748368382453918,-0.13620126247406006,0,474,139,147,138,474,475,475
541,16673,5870,2,0.9201562404632568,0.8651425838470459,-0.05501365661621094,0,26,404,393,404,26,31,31
542,16767,2757,2,0.9424211382865906,0.788465678691864,-0.15395545959472656,0,24,120,111,117,28,20,20
543,16793,7023,2,0.9070267677307129,0.8295438885688782,-0.07748287916183472,0,276,291,222,285,276,273,273
544,16810,1722,2,0.9170375466346741,0.8276774883270264,-0.0893600583076477,0,414,292,206,287,412,417,417
545,16881,6368,2,0.8660557866096497,0.8671468496322632,0.0010910630226135254,1,28,415,364,409,32,37,37
546,16958,6176,3,0.9116820693016052,0.8314237594604492,-0.080258309841156,0,247,403,440,412,244,278,278
547,16966,5596,3,0.9693959951400757,0.793055534362793,-0.17634046077728271,0,1,117,246,122,1,1,1
548,17007,7012,1,0.9124357104301453,0.7097212076187134,-0.20271450281143188,0,199,32,146,34,202,197,197
549,17020,6943,5,0.9399815797805786,0.7686659097671509,-0.17131567001342773,0,226,57,22,53,212,165,165
550,17043,6938,2,0.912773847579956,0.8882297873497009,-0.024544060230255127,0,148,473,460,473,142,162,162
551,17044,7044,2,0.8923760652542114,0.8954291343688965,0.0030530691146850586,1,345,453,280,444,323,334,334
552,17084,6920,3,0.8103888630867004,0.6716033816337585,-0.1387854814529419,0,294,21,56,21,297,270,270
553,17089,6800,3,0.9002755284309387,0.7855469584465027,-0.11472856998443604,0,87,98,32,88,86,69,69
554,17090,6989,1,0.8856369256973267,0.8783893585205078,-0.007247567176818848,0,245,333,213,322,237,237,237
555,17093,6984,3,0.936788022518158,0.844653844833374,-0.09213417768478394,0,133,434,471,439,128,153,153
556,17114,5145,2,0.8992412686347961,0.8213343620300293,-0.07790690660476685,0,439,198,82,181,434,429,429
557,17126,5428,2,0.8803557753562927,0.8649898171424866,-0.015365958213806152,0,385,398,52,363,379,368,368
558,17130,5923,4,0.9062316417694092,0.8153507113456726,-0.09088093042373657,0,222,335,385,342,245,270,270
559,17228,4229,4,0.8769569993019104,0.7649922370910645,-0.11196476221084595,0,370,267,241,267,376,378,378
560,17345,6922,1,0.842116117477417,0.7970895767211914,-0.045026540756225586,0,170,221,317,230,163,157,157
561,17403,6936,1,0.9538881182670593,0.8055965304374695,-0.14829158782958984,0,2,120,229,124,2,2,2
562,17644,6247,2,0.8769843578338623,0.8211301565170288,-0.055854201316833496,0,14,279,421,291,15,17,17
563,17653,3284,4,0.9472033381462097,0.8014153242111206,-0.1457880139350891,0,21,239,290,244,21,22,22
564,17663,4057,1,0.8984647393226624,0.8060405850410461,-0.09242415428161621,0,381,195,93,184,379,365,365
565,17830,6873,2,0.9209367632865906,0.8335655927658081,-0.08737117052078247,0,272,291,257,290,256,259,259
566,17831,7028,1,0.9048699140548706,0.8602172136306763,-0.044652700424194336,0,98,369,227,356,89,80,80
567,17843,6625,2,0.907872200012207,0.8162187933921814,-0.09165340662002563,0,403,252,84,234,403,388,388
568,17869,7028,3,0.932348906993866,0.8470035195350647,-0.08534538745880127,0,115,346,288,343,107,109,109
569,17875,6716,2,0.9142698049545288,0.8826122879981995,-0.031657516956329346,0,97,454,468,458,95,118,118
570,17876,6942,2,0.9144837260246277,0.8511014580726624,-0.06338226795196533,0,238,307,242,301,226,223,223
571,17878,6411,1,0.8625796437263489,0.7934653162956238,-0.0691143274307251,0,147,137,170,138,154,148,148
572,17889,4919,2,0.9474258422851562,0.849922239780426,-0.09750360250473022,0,27,279,209,275,26,23,23
573,17901,6099,4,0.9410531520843506,0.8311524391174316,-0.10990071296691895,0,13,316,292,314,13,16,16
574,17980,5560,3,0.9449586272239685,0.8586302399635315,-0.08632838726043701,0,227,314,124,298,202,190,190
575,18141,6193,3,0.9302114844322205,0.8270781636238098,-0.10313332080841064,0,250,415,472,434,228,284,284
576,18185,2626,2,0.9061633348464966,0.7279176115989685,-0.17824572324752808,0,437,49,93,50,435,433,433
577,18198,6114,2,0.857827365398407,0.7487046122550964,-0.10912275314331055,0,478,175,339,190,478,479,479
578,18201,3979,2,0.9166248440742493,0.8532532453536987,-0.06337159872055054,0,151,383,383,388,152,166,166
579,18210,6842,2,0.9063773155212402,0.8492138981819153,-0.05716341733932495,0,334,391,383,392,333,355,355
580,18276,5458,2,0.8579812049865723,0.7130751609802246,-0.14490604400634766,0,476,63,10,56,475,473,473
581,18365,6968,2,0.9147282242774963,0.804121196269989,-0.11060702800750732,0,220,268,434,291,221,253,253
582,18377,7036,2,0.9246746897697449,0.8309035301208496,-0.09377115964889526,0,316,264,248,268,310,314,314
583,18424,6397,2,0.9347589612007141,0.8642749190330505,-0.07048404216766357,0,281,329,276,331,276,281,281
584,18523,6551,3,0.9304714202880859,0.8273164629936218,-0.10315495729446411,0,176,307,349,316,187,197,197
585,18569,3141,3,0.8803544044494629,0.8429471254348755,-0.0374072790145874,0,375,440,443,443,359,387,387
586,18606,6763,3,0.9255293607711792,0.7765236496925354,-0.1490057110786438,0,303,121,106,124,308,294,294
587,18614,6860,2,0.9311802387237549,0.8506813645362854,-0.08049887418746948,0,7,245,151,241,7,5,5
588,18629,6937,2,0.9258395433425903,0.8611988425254822,-0.06464070081710815,0,12,345,316,347,14,14,14
589,18707,6558,2,0.960024893283844,0.8145259618759155,-0.14549893140792847,0,56,161,303,172,50,54,54
590,18904,6917,2,0.9255883693695068,0.8325096964836121,-0.09307867288589478,0,15,264,229,254,15,16,16
591,18946,7006,2,0.9365754127502441,0.8260142207145691,-0.11056119203567505,0,54,248,246,246,55,50,50
592,18948,7010,1,0.916458249092102,0.8411723375320435,-0.0752859115600586,0,4,287,405,298,4,4,4
593,19036,5923,1,0.8779503703117371,0.8454063534736633,-0.03254401683807373,0,428,382,317,376,438,445,445
594,19169,6986,1,0.8820331692695618,0.8661308884620667,-0.015902280807495117,0,100,424,346,425,92,94,94
595,19240,6775,2,0.9002265930175781,0.8532934188842773,-0.04693317413330078,0,317,427,368,424,309,324,324
596,19274,6860,2,0.9212116003036499,0.850309431552887,-0.07090216875076294,0,143,298,142,290,141,131,131
597,19312,4682,1,0.8926293253898621,0.8596031069755554,-0.03302621841430664,0,250,368,199,353,266,258,258
598,19322,6984,1,0.8607885241508484,0.8845136165618896,0.02372509241104126,1,398,464,279,460,393,397,397
599,19328,5936,1,0.8971042633056641,0.8314761519432068,-0.06562811136245728,0,221,261,253,257,222,227,227
600,19375,7001,3,0.9088795781135559,0.8571811318397522,-0.05169844627380371,0,106,440,437,441,105,120,120
601,19394,7012,1,0.9117565155029297,0.7112509608268738,-0.2005055546760559,0,71,38,143,42,76,73,73
602,19395,6998,2,0.9118192791938782,0.8770203590393066,-0.03479892015457153,0,92,412,391,419,93,107,107
603,19404,6947,2,0.9342145919799805,0.847120463848114,-0.08709412813186646,0,102,325,356,332,102,106,106
604,19405,6968,2,0.9026857018470764,0.8052804470062256,-0.09740525484085083,0,300,273,428,289,332,353,353
605,19411,6528,1,0.8571844100952148,0.8986645340919495,0.04148012399673462,1,205,476,468,476,217,254,254
606,19413,6984,1,0.8280674815177917,0.88526850938797,0.05720102787017822,1,113,441,297,431,103,106,106
607,19436,7031,1,0.868847668170929,0.5596591234207153,-0.3091885447502136,0,434,1,3,1,435,408,408
