row_id,user,target,rank,history_length,predicted_stay,target_stay_similarity,target_score
0,8,6716,4,3,0.3958238661289215,0.03242640569806099,2.280714750289917
1,15,6937,207,4,0.39597177505493164,0.03155563771724701,0.005706639960408211
2,16,5479,17,3,0.3936678469181061,0.03315438702702522,1.5770281553268433
3,39,737,267,5,0.3943139314651489,0.033352747559547424,-0.16978760063648224
4,41,5198,156,1,0.3920929729938507,0.03360142186284065,0.2972165048122406
5,45,5439,127,5,0.3940505385398865,0.032661765813827515,0.4972918629646301
6,47,1,359,10,0.39454182982444763,0.03133748099207878,-0.601448655128479
7,73,1725,355,2,0.3952004313468933,0.03976771980524063,-0.5441641211509705
8,80,4,67,3,0.3942102789878845,0.036977335810661316,0.844531774520874
9,219,7038,35,10,0.39449554681777954,0.03430790826678276,1.3341095447540283
10,345,6640,402,3,0.39587461948394775,0.03701700270175934,-0.8966102600097656
11,369,6829,419,1,0.39205899834632874,0.03336126357316971,-0.9049007296562195
12,402,13,236,2,0.394652396440506,0.03676930442452431,-0.018256662413477898
13,436,2453,378,5,0.3955342471599579,0.03395050764083862,-0.7171063423156738
14,525,6800,71,6,0.3953808546066284,0.0354691743850708,0.7638810873031616
15,540,6528,25,5,0.39366641640663147,0.03029327653348446,1.380517840385437
16,557,7010,1,2,0.3949280381202698,0.034267570823431015,4.284189701080322
17,595,7008,204,4,0.3961152136325836,0.034002114087343216,0.05115407332777977
18,640,3940,269,1,0.3917281925678253,0.036279961466789246,-0.1383315920829773
19,644,6981,8,4,0.3960331976413727,0.03500257059931755,2.179927349090576
20,645,6997,135,5,0.39401641488075256,0.032958485186100006,0.36344969272613525
21,677,4364,206,3,0.3942049741744995,0.032017502933740616,0.08294055610895157
22,688,7009,60,9,0.3949921429157257,0.03691663593053818,1.0882959365844727
23,713,6938,24,4,0.39586570858955383,0.03217332810163498,1.431645393371582
24,745,6353,39,2,0.3970630466938019,0.03821607679128647,1.279465913772583
25,755,4648,462,1,0.39334574341773987,0.03255588561296463,-1.4060777425765991
26,802,7032,1,5,0.39567258954048157,0.04158976674079895,3.7238335609436035
27,806,6941,141,3,0.39455437660217285,0.03356786072254181,0.3729825019836426
28,818,6503,66,2,0.3943352997303009,0.033655740320682526,0.9629542231559753
29,832,2539,474,2,0.3964928984642029,0.03670221567153931,-1.7682923078536987
30,845,957,30,2,0.39747166633605957,0.036831334233284,1.4540866613388062
31,885,2914,312,2,0.3949233591556549,0.0380614772439003,-0.35925963521003723
32,903,1292,265,4,0.3938082158565521,0.03668871521949768,-0.09316837042570114
33,923,4899,38,3,0.3945617377758026,0.03687130659818649,1.0948697328567505
34,992,6640,461,3,0.3954565227031708,0.03672131896018982,-1.444321632385254
35,1022,6996,359,4,0.39664390683174133,0.03223413601517677,-0.5746274590492249
36,1028,1455,146,10,0.3935035467147827,0.035123471170663834,0.4028521180152893
37,1059,5781,342,2,0.3966342508792877,0.03275526687502861,-0.5294312238693237
38,1060,6771,198,4,0.3953593373298645,0.031765878200531006,0.13149642944335938
39,1082,6800,35,5,0.39298510551452637,0.03917401283979416,1.3977489471435547
40,1122,6500,178,1,0.3897981345653534,0.03604958578944206,0.24880313873291016
41,1127,1754,399,2,0.39415252208709717,0.031212709844112396,-0.765701174736023
42,1133,4653,379,1,0.39102303981781006,0.035008326172828674,-0.6728703379631042
43,1155,6997,137,9,0.3937169909477234,0.0340108722448349,0.46678459644317627
44,1178,6974,381,3,0.3941713571548462,0.033836498856544495,-0.7280271649360657
45,1181,6714,247,2,0.39592444896698,0.03658425435423851,-0.11058096587657928
46,1230,2402,12,4,0.3958547115325928,0.03586824983358383,2.1993868350982666
47,1269,7039,288,3,0.39630767703056335,0.0330379381775856,-0.15142102539539337
48,1275,957,450,2,0.39544054865837097,0.03420756012201309,-1.2727172374725342
49,1277,1828,93,4,0.39372488856315613,0.03536106273531914,0.6854210495948792
50,1295,7017,287,2,0.3951781690120697,0.03164414316415787,-0.2661316692829132
51,1359,1291,259,2,0.3932749330997467,0.03974233195185661,-0.10973697155714035
52,1384,6715,123,3,0.3955201506614685,0.03303126245737076,0.4663037955760956
53,1392,6874,135,6,0.3961624801158905,0.03310976177453995,0.4512806832790375
54,1450,828,45,2,0.39520689845085144,0.03274444118142128,1.2212374210357666
55,1463,7029,185,1,0.39270031452178955,0.03249189630150795,0.13456203043460846
56,1547,6759,406,3,0.39489203691482544,0.03809557855129242,-0.8441720008850098
57,1588,7010,338,6,0.3953496515750885,0.033689357340335846,-0.5491672158241272
58,1590,5781,320,4,0.3933965265750885,0.0355193093419075,-0.41348788142204285
59,1602,6993,27,3,0.3960053026676178,0.032224077731370926,1.3742711544036865
60,1636,1744,73,8,0.39415985345840454,0.03406118229031563,0.8698865175247192
61,1653,59,362,4,0.3954857289791107,0.03130488097667694,-0.5967231392860413
62,1670,6941,275,7,0.39438194036483765,0.03451676666736603,-0.2170153707265854
63,1686,3805,420,3,0.3968067169189453,0.03789624571800232,-1.1101001501083374
64,1694,6941,64,4,0.3955041468143463,0.03535056114196777,1.0424236059188843
65,1707,6986,447,4,0.39586976170539856,0.03409365564584732,-1.2718489170074463
66,1710,6590,201,4,0.3941277265548706,0.03242134302854538,0.0922246128320694
67,1711,3942,296,2,0.3934968411922455,0.02953346073627472,-0.32664763927459717
68,1715,6722,42,3,0.39471912384033203,0.03283565491437912,1.145885705947876
69,1837,4764,190,2,0.3951321542263031,0.03463155776262283,0.23449431359767914
70,1845,72,7,3,0.3944099545478821,0.03528562933206558,2.046361207962036
71,1848,6742,370,2,0.39475712180137634,0.03209230303764343,-0.6325898766517639
72,1851,4577,412,5,0.39505600929260254,0.03272591531276703,-0.9136738181114197
73,1873,6496,13,3,0.3953106105327606,0.03463919088244438,1.691817045211792
74,1883,6559,346,7,0.39443790912628174,0.03664365038275719,-0.48227301239967346
75,1907,6943,133,3,0.39360156655311584,0.03507913276553154,0.3964516520500183
76,1920,6974,345,2,0.3945561647415161,0.03140097111463547,-0.5395833253860474
77,1924,7008,119,4,0.39444485306739807,0.03493897616863251,0.6428216695785522
78,1966,6381,233,9,0.39362964034080505,0.032633744180202484,-0.07389044761657715
79,1969,2621,5,2,0.3946021795272827,0.032992832362651825,2.258526563644409
80,1976,5021,157,3,0.39470088481903076,0.03286953270435333,0.2358229160308838
81,1977,3867,313,2,0.3948529362678528,0.030945569276809692,-0.3644523024559021
82,1983,7028,90,10,0.3933931887149811,0.034241750836372375,0.7410426139831543
83,1993,6421,408,7,0.39327272772789,0.03133369982242584,-0.8545928597450256
84,2014,5878,477,2,0.39527326822280884,0.03773525357246399,-2.0546469688415527
85,2148,6793,32,2,0.3965159058570862,0.03267237916588783,1.3387185335159302
86,2165,6925,385,2,0.39486628770828247,0.030996959656476974,-0.715967059135437
87,2262,844,271,5,0.3944350779056549,0.03643225133419037,-0.20159631967544556
88,2270,2365,339,2,0.39296311140060425,0.033857330679893494,-0.4578239917755127
89,2278,6987,307,2,0.3956604301929474,0.035049159079790115,-0.2890709340572357
90,2297,4636,30,3,0.3948748707771301,0.0398833304643631,1.4322264194488525
91,2333,6939,136,8,0.39445412158966064,0.034178461879491806,0.39315757155418396
92,2343,88,41,4,0.395519495010376,0.03722371906042099,1.3408373594284058
93,2361,7016,471,1,0.39389097690582275,0.03627251088619232,-1.7978450059890747
94,2369,6528,206,1,0.39310818910598755,0.03273407369852066,0.059650883078575134
95,2419,4716,219,5,0.39413201808929443,0.03259022533893585,-0.009428814053535461
96,2496,6350,136,4,0.39587047696113586,0.03283539414405823,0.4466417133808136
97,2530,6889,212,5,0.3945232629776001,0.035130180418491364,0.04342510923743248
98,2543,4027,22,3,0.393623411655426,0.03035166673362255,1.3706743717193604
99,2571,4994,119,3,0.3952070474624634,0.03296666592359543,0.49298006296157837
100,2598,6840,162,3,0.3949648439884186,0.032754525542259216,0.2777952551841736
101,2627,1307,190,5,0.3938870131969452,0.03233373910188675,0.12414328753948212
102,2649,6955,455,1,0.3917302191257477,0.04146831855177879,-1.483723521232605
103,2657,7045,11,2,0.3940757215023041,0.04113497585058212,2.3240857124328613
104,2659,7010,179,1,0.3908558785915375,0.036413244903087616,0.27836012840270996
105,2668,6775,107,7,0.3941991925239563,0.03319072723388672,0.5899277329444885
106,2678,2869,401,5,0.3924536406993866,0.03243502229452133,-0.7100071310997009
107,2682,6941,227,5,0.3936099410057068,0.03428712487220764,0.008696535602211952
108,2690,5625,341,3,0.3928777575492859,0.03301520645618439,-0.49663659930229187
109,2693,7029,206,2,0.39520660042762756,0.03364182636141777,0.12505285441875458
110,2699,6873,1,4,0.3938274383544922,0.03363519906997681,3.643942356109619
111,2712,6986,3,5,0.3963395059108734,0.03728010132908821,4.247959613800049
112,2714,7029,409,4,0.3953234851360321,0.03167017549276352,-0.9829054474830627
113,2717,6997,118,3,0.3960457742214203,0.03254331648349762,0.508007287979126
114,2720,6436,237,4,0.3947462737560272,0.031829915940761566,-0.06339750438928604
115,2737,5895,19,1,0.39155319333076477,0.03387641906738281,1.453323483467102
116,2750,5599,51,4,0.3955477476119995,0.03670741617679596,1.2212051153182983
117,2752,580,187,2,0.39467018842697144,0.034722402691841125,0.12357671558856964
118,2753,4549,350,6,0.39698848128318787,0.03936547785997391,-0.5424256920814514
119,2804,6965,375,2,0.3951638638973236,0.03697531297802925,-0.6064090132713318
120,2812,7029,338,2,0.39471492171287537,0.03313163295388222,-0.47313907742500305
121,2817,7031,383,6,0.3967445492744446,0.03686343878507614,-0.7160285115242004
122,2819,6986,353,9,0.39272356033325195,0.03382795304059982,-0.5779904127120972
123,2845,7014,224,3,0.3953278958797455,0.03091607242822647,-0.03851044923067093
124,2848,6800,242,4,0.39499369263648987,0.034706395119428635,-0.03806634992361069
125,2852,6008,33,2,0.39571720361709595,0.03498907387256622,1.2947622537612915
126,2864,6993,61,2,0.3957759141921997,0.033060260117053986,1.0858745574951172
127,2865,6937,63,3,0.39430221915245056,0.034504037350416183,0.8929226398468018
128,2871,6877,65,2,0.3945971429347992,0.033530544489622116,0.9035264849662781
129,2872,7010,216,1,0.3917302191257477,0.035979896783828735,0.08683649450540543
130,2882,6257,272,10,0.39366915822029114,0.03402409702539444,-0.23707759380340576
131,2897,6381,206,3,0.39668580889701843,0.033800721168518066,0.052715279161930084
132,2902,2012,456,8,0.3939642608165741,0.03557352349162102,-1.4668561220169067
133,2909,5740,343,2,0.39632946252822876,0.036640629172325134,-0.5170139074325562
134,2910,4364,374,1,0.39383238554000854,0.03145252540707588,-0.6477797627449036
135,2922,6489,369,3,0.3934279680252075,0.03338643163442612,-0.6207139492034912
136,2960,6006,388,2,0.39343446493148804,0.03164597973227501,-0.7031251192092896
137,2983,4764,356,2,0.3949669301509857,0.0341273695230484,-0.5677226781845093
138,3037,6301,253,1,0.3915283679962158,0.03367016464471817,-0.0733078122138977
139,3038,4077,435,3,0.39568907022476196,0.035412371158599854,-1.0290194749832153
140,3042,5192,234,2,0.3951309621334076,0.031792476773262024,-0.044672541320323944
141,3049,3180,338,2,0.3960708677768707,0.03174669295549393,-0.44003188610076904
142,3105,2839,171,2,0.3931390643119812,0.03319856524467468,0.10958624631166458
143,3117,6123,70,2,0.39523372054100037,0.03219984099268913,0.8581722378730774
144,3130,3789,456,3,0.3944372534751892,0.03380469232797623,-1.3101030588150024
145,3135,7013,346,3,0.3949976861476898,0.03457287698984146,-0.5056126713752747
146,3144,5433,248,2,0.39595216512680054,0.032857149839401245,-0.0883098840713501
147,3160,6449,104,2,0.39637601375579834,0.03488680720329285,0.6384881138801575
148,3172,5856,61,2,0.39333364367485046,0.035710617899894714,0.9678306579589844
149,3208,139,219,2,0.39512965083122253,0.03412683308124542,0.060692161321640015
150,3245,1025,309,3,0.3935793936252594,0.033311627805233,-0.32919636368751526
151,3259,3141,340,2,0.3957507014274597,0.032566770911216736,-0.4884001314640045
152,3346,6990,469,1,0.39176473021507263,0.033052295446395874,-1.695941686630249
153,3348,4867,473,1,0.3913881480693817,0.034340158104896545,-1.8776849508285522
154,3389,6901,300,2,0.3971388339996338,0.033743515610694885,-0.3152201175689697
155,3406,806,395,5,0.39508211612701416,0.03623245656490326,-0.8397221565246582
156,3435,6996,196,3,0.39512431621551514,0.03419801592826843,0.06413478404283524
157,3461,2445,401,3,0.3957488536834717,0.03498930484056473,-0.774016261100769
158,3484,6350,262,2,0.39411231875419617,0.030792012810707092,-0.09732821583747864
159,3532,6597,196,3,0.3953419029712677,0.033133551478385925,0.08650824427604675
160,3537,6645,251,2,0.3924754858016968,0.030768772587180138,-0.08055257797241211
161,3539,4455,300,3,0.39418432116508484,0.03591567277908325,-0.2673734128475189
162,3610,4653,448,3,0.39530158042907715,0.03444206714630127,-1.1055927276611328
163,3659,176,135,2,0.3937753736972809,0.03481301665306091,0.28078946471214294
164,3666,2115,436,2,0.3947594463825226,0.035398028790950775,-1.1081180572509766
165,3718,6612,35,2,0.39593327045440674,0.03460081294178963,1.3915983438491821
166,3723,6755,217,2,0.3943362534046173,0.032378051429986954,0.08957839012145996
167,3730,4042,330,2,0.39520928263664246,0.03640162944793701,-0.4490061402320862
168,3744,176,361,3,0.3945183753967285,0.03142673149704933,-0.634544849395752
169,3756,6757,231,2,0.3940868377685547,0.03599899262189865,-0.02406378462910652
170,3759,6800,386,3,0.39484089612960815,0.03430740535259247,-0.8755321502685547
171,3867,4325,368,4,0.39487001299858093,0.03330356627702713,-0.5941445827484131
172,3876,922,331,2,0.393768846988678,0.03180067986249924,-0.41310638189315796
173,3877,6164,24,2,0.3931492865085602,0.03659699857234955,1.6098594665527344
174,3882,6944,448,10,0.3943904936313629,0.03454313427209854,-1.2372758388519287
175,3890,6879,313,3,0.39551928639411926,0.03283963352441788,-0.41165030002593994
176,3899,4983,51,3,0.39625293016433716,0.033450011163949966,0.9237673282623291
177,3928,6985,98,2,0.3921546936035156,0.03561461344361305,0.570726752281189
178,3935,686,256,3,0.395524799823761,0.03637579083442688,-0.10984450578689575
179,3955,5119,17,3,0.39475134015083313,0.033185191452503204,1.6635949611663818
180,3975,6872,345,3,0.3951834440231323,0.0326237715780735,-0.47275200486183167
181,4034,6597,151,1,0.39236417412757874,0.0322907380759716,0.3354324996471405
182,4071,7038,140,2,0.3954700231552124,0.03195345401763916,0.35908621549606323
183,4078,2955,214,2,0.3946646451950073,0.03465628996491432,0.0687180608510971
184,4138,5849,61,3,0.3933263421058655,0.035167478024959564,0.9502228498458862
185,4147,1640,171,2,0.39474791288375854,0.03130877763032913,0.2614901065826416
186,4170,6905,227,2,0.39429593086242676,0.03339327871799469,0.09594951570034027
187,4177,7046,305,2,0.3934103846549988,0.029599517583847046,-0.3295121192932129
188,4178,4064,245,2,0.3933943808078766,0.03208419680595398,-0.08881192654371262
189,4197,6528,150,2,0.3964788019657135,0.0290939100086689,0.3505754768848419
190,4266,2681,460,2,0.3961522877216339,0.0426650233566761,-1.4496887922286987
191,4308,6693,13,1,0.39377129077911377,0.03253771737217903,1.5196353197097778
192,4309,6914,311,5,0.3943230211734772,0.03398597985506058,-0.36016470193862915
193,4317,7033,32,2,0.3926614820957184,0.038796812295913696,1.3021464347839355
194,4341,1664,132,3,0.3909668028354645,0.029946383088827133,0.3342633843421936
195,4342,6993,45,2,0.39581283926963806,0.03223644569516182,1.1578986644744873
196,4360,6829,421,2,0.3951762318611145,0.03307025134563446,-0.923529326915741
197,4384,200,165,2,0.3961292803287506,0.03155750408768654,0.29360634088516235
198,4399,6621,390,4,0.3956463634967804,0.03576761111617088,-0.7405409812927246
199,4494,6717,34,5,0.3968106210231781,0.03662938252091408,1.2737363576889038
200,4549,2539,472,2,0.3945351541042328,0.03786933049559593,-1.8516309261322021
201,4561,1146,217,2,0.39438188076019287,0.03180079534649849,0.08593381941318512
202,4578,6981,230,2,0.3950791358947754,0.03302104026079178,0.03529444336891174
203,4583,849,323,2,0.3938300907611847,0.03246281296014786,-0.3743599057197571
204,4624,6968,477,1,0.39164653420448303,0.0341208279132843,-1.7390813827514648
205,4626,7028,45,5,0.39564049243927,0.03538776934146881,1.0938535928726196
206,4706,6939,345,1,0.39280909299850464,0.02890647016465664,-0.508982241153717
207,4709,6694,237,3,0.3970630466938019,0.032840143889188766,-0.07570860534906387
208,4772,6925,249,2,0.39570415019989014,0.033233094960451126,-0.07111053168773651
209,4871,953,442,2,0.39535394310951233,0.03434485197067261,-1.1056654453277588
210,4876,6937,90,5,0.39633139967918396,0.033749133348464966,0.8285737633705139
211,4925,4878,344,3,0.39275774359703064,0.030306244269013405,-0.49019503593444824
212,4934,6987,149,2,0.39676615595817566,0.0391651876270771,0.2502621114253998
213,4935,6512,1,3,0.3957483470439911,0.036955900490283966,3.614283561706543
214,4966,5775,450,1,0.392548143863678,0.035215750336647034,-1.2118115425109863
215,5024,4342,77,4,0.3964848220348358,0.03295658156275749,0.8835758566856384
216,5040,6848,64,8,0.39391911029815674,0.035279836505651474,0.9964410066604614
217,5070,1740,327,3,0.39441749453544617,0.033828865736722946,-0.3996618390083313
218,5075,6556,380,2,0.39276355504989624,0.033477965742349625,-0.6205278635025024
219,5105,6922,184,1,0.3943026065826416,0.03677080199122429,0.23983444273471832
220,5109,7045,477,2,0.3964119553565979,0.03723226487636566,-1.9564589262008667
221,5115,6043,118,3,0.39637133479118347,0.03301377221941948,0.5368036031723022
222,5142,545,54,7,0.39475348591804504,0.037899695336818695,1.2671864032745361
223,5191,1883,29,2,0.39482688903808594,0.03337343782186508,1.387290596961975
224,5217,6422,467,3,0.394776314496994,0.031859494745731354,-1.6943501234054565
225,5219,6683,442,2,0.3946802020072937,0.030460461974143982,-1.0676002502441406
226,5297,2094,264,3,0.39450111985206604,0.03228691965341568,-0.1884385049343109
227,5321,5135,321,2,0.3953886330127716,0.03335738927125931,-0.39745786786079407
228,5327,7041,364,2,0.3926050662994385,0.029266754165291786,-0.5892950892448425
229,5332,5614,345,2,0.39496761560440063,0.03269533812999725,-0.4763653576374054
230,5368,5831,125,9,0.39366060495376587,0.03252623230218887,0.5260534286499023
231,5464,6319,210,3,0.3954647481441498,0.036076564341783524,0.14890067279338837
232,5525,4554,118,2,0.39493250846862793,0.03190309926867485,0.5413737893104553
233,5533,5582,18,3,0.39529502391815186,0.034397732466459274,1.6855612993240356
234,5569,6454,268,3,0.3938031494617462,0.03161121904850006,-0.24294964969158173
235,5591,2340,416,2,0.39656174182891846,0.031114639714360237,-0.8861992359161377
236,5595,3393,394,3,0.3938349187374115,0.04155101627111435,-0.7601361870765686
237,5670,3033,429,3,0.3949349522590637,0.035225942730903625,-0.9506607055664062
238,5674,5436,139,1,0.39255911111831665,0.03366677463054657,0.40064969658851624
239,5724,6403,146,4,0.39647340774536133,0.0349753312766552,0.35018372535705566
240,5760,4466,291,4,0.3952781856060028,0.034167058765888214,-0.24231621623039246
241,5761,6693,276,2,0.39424508810043335,0.03277229517698288,-0.19083063304424286
242,5813,6918,33,2,0.3961581289768219,0.034352272748947144,1.2302335500717163
243,5822,5473,310,4,0.3946882486343384,0.03724870830774307,-0.4091964066028595
244,5832,4135,120,3,0.39522936940193176,0.03517894074320793,0.5532218813896179
245,5939,4493,384,2,0.39498862624168396,0.037923917174339294,-0.6587013006210327
246,5966,6808,171,1,0.3916172981262207,0.03521063178777695,0.3697178065776825
247,6012,6912,296,7,0.3946351706981659,0.033115118741989136,-0.276394784450531
248,6019,6825,99,4,0.3942970633506775,0.03478151559829712,0.61894291639328
249,6098,6761,102,1,0.3929033577442169,0.03242605924606323,0.63804030418396
250,6101,6427,177,1,0.3914249837398529,0.03718007728457451,0.27378329634666443
251,6113,2723,2,3,0.3952312171459198,0.03310631960630417,4.114243984222412
252,6129,7038,49,3,0.3942081034183502,0.03201393038034439,1.0103635787963867
253,6132,6973,401,2,0.3958315849304199,0.03657807409763336,-0.8320860266685486
254,6160,6609,163,2,0.3951577842235565,0.03481214866042137,0.27279919385910034
255,6230,5638,334,3,0.3945279121398926,0.04040424898266792,-0.45038560032844543
256,6313,6176,343,1,0.3906322717666626,0.03126012533903122,-0.4990924000740051
257,6326,6801,392,3,0.3947521448135376,0.036224864423274994,-0.8276273608207703
258,6334,4100,88,2,0.3954920470714569,0.03724193200469017,0.8671702742576599
259,6356,6034,232,1,0.39125075936317444,0.033607371151447296,-0.03979555889964104
260,6371,1321,91,2,0.39442235231399536,0.03380632400512695,0.7086913585662842
261,6390,7035,191,2,0.3940408527851105,0.0328352153301239,0.16492372751235962
262,6437,4644,454,2,0.3947685658931732,0.0345274955034256,-1.2825307846069336
263,6443,6002,274,2,0.3945307433605194,0.029216695576906204,-0.22399824857711792
264,6487,6164,462,2,0.3949645459651947,0.03241807967424393,-1.4166905879974365
265,6558,4878,463,2,0.39498814940452576,0.035928189754486084,-1.6256606578826904
266,6575,6925,119,6,0.39799320697784424,0.03535289317369461,0.5128031373023987
267,6607,5003,16,5,0.39532268047332764,0.03311393782496452,1.567402958869934
268,6636,2486,421,2,0.39387771487236023,0.045886918902397156,-0.9544053077697754
269,6729,4609,402,1,0.39225947856903076,0.03351593017578125,-0.8533327579498291
270,6740,6984,183,4,0.3928348124027252,0.03351479023694992,0.21263942122459412
271,6852,678,124,2,0.393944650888443,0.03606630861759186,0.5362830758094788
272,6873,4067,123,2,0.3957326114177704,0.033443327993154526,0.5173951387405396
273,6903,6598,152,2,0.393942654132843,0.031917504966259,0.4128836393356323
274,6928,7041,399,3,0.3944503366947174,0.04190337657928467,-0.7485364079475403
275,6999,6528,277,1,0.3931862413883209,0.030351435765624046,-0.15146689116954803
276,7013,5684,222,1,0.3917838931083679,0.030135823413729668,0.12730024755001068
277,7028,1238,119,2,0.39337390661239624,0.03272506222128868,0.5299232006072998
278,7084,5986,37,2,0.3949410617351532,0.035953834652900696,1.1363815069198608
279,7088,2826,410,2,0.3938787877559662,0.030845744535326958,-0.8807008266448975
280,7097,3173,321,2,0.3965494930744171,0.038921210914850235,-0.41080528497695923
281,7138,1785,125,4,0.3953676223754883,0.036768071353435516,0.5084331035614014
282,7164,6410,290,7,0.39455562829971313,0.03390336036682129,-0.32203033566474915
283,7220,6800,59,4,0.3955062925815582,0.03514274209737778,0.8525316715240479
284,7232,1444,263,2,0.3953483998775482,0.035802919417619705,-0.17556928098201752
285,7277,6028,201,4,0.39739930629730225,0.036072563380002975,0.20822151005268097
286,7293,6503,333,4,0.3975942134857178,0.03396710008382797,-0.5026119947433472
287,7354,5943,215,2,0.3931048810482025,0.03492799401283264,0.002552960067987442
288,7406,5653,466,3,0.393870085477829,0.03511082008481026,-1.474151849746704
289,7425,7011,364,2,0.3952610492706299,0.038281772285699844,-0.6173473000526428
290,7428,7039,6,2,0.39574581384658813,0.03570493310689926,2.9583427906036377
291,7442,6916,288,6,0.3958169221878052,0.03386026620864868,-0.22574231028556824
292,7452,7011,307,2,0.3950318992137909,0.03230413794517517,-0.289947509765625
293,7458,6771,77,3,0.3968100845813751,0.03319096192717552,0.7949842214584351
294,7466,6987,335,2,0.39587458968162537,0.0350833460688591,-0.4779382348060608
295,7468,7028,8,2,0.39554718136787415,0.03349975124001503,2.1297693252563477
296,7475,6849,189,1,0.3930997848510742,0.03585262596607208,0.16222819685935974
297,7479,6916,137,3,0.39456889033317566,0.0365711972117424,0.3919689357280731
298,7481,6937,135,4,0.3951578438282013,0.03210768476128578,0.45309191942214966
299,7482,6528,82,2,0.3953739106655121,0.030872080475091934,0.750109851360321
300,7483,7030,149,2,0.3924695551395416,0.0349426195025444,0.28514060378074646
301,7492,6998,39,3,0.39543527364730835,0.03172607347369194,1.258306622505188
302,7497,7006,39,2,0.39383402466773987,0.03501368314027786,1.350000023841858
303,7506,7025,155,2,0.3938584625720978,0.036667030304670334,0.34875527024269104
304,7512,6966,101,2,0.39234626293182373,0.030824195593595505,0.662503182888031
305,7515,6939,242,3,0.39567434787750244,0.033586207777261734,-0.10335507988929749
306,7522,7013,295,2,0.3935147821903229,0.029195649549365044,-0.28465527296066284
307,7534,3600,165,2,0.39381885528564453,0.03498765453696251,0.2576419413089752
308,7542,4346,32,3,0.394766628742218,0.03596189618110657,1.3928289413452148
309,7590,4988,437,2,0.39606255292892456,0.03162054345011711,-1.0941505432128906
310,7638,6533,304,1,0.39391666650772095,0.0322682224214077,-0.33561471104621887
311,7671,6972,36,2,0.39493414759635925,0.03866976127028465,1.352348804473877
312,7704,6873,26,1,0.3905717432498932,0.036461398005485535,1.4030619859695435
313,7718,5041,14,2,0.3964099884033203,0.03244425356388092,1.5756181478500366
314,7724,4774,322,2,0.39490264654159546,0.03947145491838455,-0.418138325214386
315,7735,6739,309,3,0.392998069524765,0.0425063855946064,-0.29224106669425964
316,7774,1616,48,3,0.3955092132091522,0.030175024643540382,1.0156022310256958
317,7824,4364,363,5,0.3945773243904114,0.03277536481618881,-0.5885189771652222
318,7838,4609,6,3,0.39416876435279846,0.03594094514846802,2.1963930130004883
319,7859,6916,261,1,0.39280909299850464,0.03584791347384453,-0.1355549693107605
320,7890,5376,136,2,0.3957385718822479,0.03495151922106743,0.4354027807712555
321,7988,486,378,2,0.3956000804901123,0.03803163766860962,-0.6742371320724487
322,8036,1746,363,1,0.3929275870323181,0.031469110399484634,-0.5789357423782349
323,8037,6397,102,2,0.39490336179733276,0.03954126685857773,0.6247038245201111
324,8045,4813,216,3,0.3947694003582001,0.038877036422491074,0.02749476581811905
325,8119,4800,202,2,0.3942112922668457,0.034460850059986115,0.1434018909931183
326,8131,6971,155,1,0.3912459909915924,0.036618754267692566,0.3834412097930908
327,8151,5448,301,2,0.39554041624069214,0.03462235629558563,-0.2639417350292206
328,8165,6938,38,3,0.39540034532546997,0.031036386266350746,1.3262946605682373
329,8170,6793,305,1,0.3909388482570648,0.03594902530312538,-0.30248191952705383
330,8180,5246,461,1,0.3909488022327423,0.04071711003780365,-1.4472277164459229
331,8204,6988,446,2,0.39455997943878174,0.032116442918777466,-1.2354332208633423
332,8210,6598,33,2,0.3932242691516876,0.03586249053478241,1.410872459411621
333,8244,6741,390,2,0.39218229055404663,0.028976889327168465,-0.7123609185218811
334,8293,3047,121,2,0.3934052884578705,0.03512340039014816,0.4031960070133209
335,8354,6890,452,6,0.3954703211784363,0.03405655175447464,-1.1699495315551758
336,8513,6823,60,1,0.3904517590999603,0.03435409814119339,0.8610855340957642
337,8536,3955,83,3,0.39520779252052307,0.03378695994615555,0.813683271408081
338,8574,6715,16,2,0.3942675292491913,0.03414111211895943,1.4073517322540283
339,8577,6822,335,3,0.3951669931411743,0.03552507609128952,-0.43140438199043274
340,8623,539,397,3,0.39507943391799927,0.04012225195765495,-0.8459634184837341
341,8648,6941,86,3,0.395165354013443,0.03279460594058037,0.7614383697509766
342,8865,1836,262,2,0.3927570581436157,0.03366035595536232,-0.19346560537815094
343,8955,5433,411,2,0.3964843451976776,0.03380947187542915,-0.9220618009567261
344,8963,1594,152,2,0.3950485587120056,0.03270528092980385,0.22798553109169006
345,8977,6976,101,3,0.39412593841552734,0.03283533453941345,0.6347829699516296
346,8983,6460,54,2,0.3966815769672394,0.03536439687013626,0.9500597715377808
347,9030,7018,342,2,0.3963439166545868,0.03298818692564964,-0.5006557106971741
348,9084,6911,354,2,0.39344096183776855,0.03640418127179146,-0.5117772817611694
349,9105,5616,208,3,0.3953005075454712,0.033377837389707565,0.09228914976119995
350,9118,7040,239,2,0.39528581500053406,0.03358614444732666,-0.05433277785778046
351,9196,7030,136,2,0.39374813437461853,0.03327886015176773,0.3761240839958191
352,9212,580,339,2,0.3958037197589874,0.03456418216228485,-0.43435052037239075
353,9217,4342,391,2,0.39640283584594727,0.03487762063741684,-0.7857651114463806
354,9227,681,230,4,0.39515942335128784,0.03269938379526138,-0.02394735813140869
355,9343,2389,25,3,0.39268758893013,0.03351772576570511,1.533288836479187
356,9425,4717,275,1,0.39400723576545715,0.034864794462919235,-0.1473238319158554
357,9467,6940,44,1,0.39268243312835693,0.036162689328193665,1.0881649255752563
358,9584,6536,106,2,0.39499008655548096,0.033843085169792175,0.6413432955741882
359,9650,6775,137,1,0.3929292857646942,0.032656360417604446,0.4170741140842438
360,9698,6470,59,2,0.3954191207885742,0.03314031660556793,1.027561068534851
361,9699,6739,404,4,0.39687255024909973,0.03767938166856766,-0.878852903842926
362,9700,7010,103,1,0.3902684450149536,0.031119316816329956,0.5248399376869202
363,9833,2240,111,2,0.3920011520385742,0.033977869898080826,0.5144431591033936
364,9910,6649,383,3,0.39473864436149597,0.03106200322508812,-0.7332199811935425
365,9957,6045,106,4,0.3951195478439331,0.033297985792160034,0.6941379308700562
366,9992,2949,233,4,0.3957817256450653,0.03262535110116005,-0.0016401164466515183
367,10022,7011,355,2,0.39585864543914795,0.03464674577116966,-0.5755288600921631
368,10025,646,319,2,0.39525553584098816,0.0339764803647995,-0.3984834551811218
369,10041,6447,52,2,0.3959308862686157,0.038802266120910645,1.0165162086486816
370,10048,3408,83,4,0.39534464478492737,0.03579360619187355,0.9081936478614807
371,10131,2626,143,3,0.3964710831642151,0.036013536155223846,0.4088834226131439
372,10140,6444,158,2,0.39443668723106384,0.034642718732357025,0.23774850368499756
373,10178,6711,385,6,0.39495304226875305,0.035749759525060654,-0.6844749450683594
374,10197,663,197,4,0.39613497257232666,0.033487074077129364,0.1724873036146164
375,10219,7040,197,5,0.39398911595344543,0.03282332420349121,0.09995589405298233
376,10230,6734,8,2,0.3942670226097107,0.034154050052165985,2.070812463760376
377,10256,6747,181,1,0.39240697026252747,0.03073461912572384,0.2629747986793518
378,10383,3714,443,1,0.3954777419567108,0.03383561223745346,-1.3473843336105347
379,10388,5748,280,3,0.39625999331474304,0.033443473279476166,-0.21918413043022156
380,10389,7005,276,3,0.3946163058280945,0.034252770245075226,-0.19092047214508057
381,10395,6965,386,2,0.3957839012145996,0.0370415523648262,-0.8043867349624634
382,10408,6717,293,2,0.39666467905044556,0.03418911248445511,-0.271263986825943
383,10414,2186,369,3,0.3945533335208893,0.03792562335729599,-0.6583940982818604
384,10472,6465,87,2,0.39551764726638794,0.03304421529173851,0.8441267609596252
385,10475,6873,388,2,0.3925156891345978,0.03120126947760582,-0.6518402695655823
386,10567,696,240,2,0.39465922117233276,0.03065388835966587,-0.08910675346851349
387,10596,7037,6,4,0.3957754671573639,0.03708448261022568,2.232727289199829
388,10604,4825,7,2,0.3962339162826538,0.03426174819469452,2.476083993911743
389,10612,7030,284,3,0.3962514400482178,0.03258346766233444,-0.22750025987625122
390,10650,6027,114,3,0.3950193226337433,0.034319713711738586,0.5938565135002136
391,10763,2373,394,3,0.39575356245040894,0.033421289175748825,-0.8595806956291199
392,10899,6528,2,5,0.39329850673675537,0.03339938819408417,3.1726229190826416
393,10906,1456,462,2,0.39573949575424194,0.03527870774269104,-1.5766102075576782
394,11020,7038,15,6,0.3948891758918762,0.033904336392879486,1.9275240898132324
395,11056,6739,328,2,0.3967489004135132,0.038750890642404556,-0.38585084676742554
396,11085,1989,57,2,0.39419853687286377,0.03457030653953552,0.9007075428962708
397,11161,755,341,2,0.3947920501232147,0.03347907215356827,-0.39961469173431396
398,11176,3681,7,3,0.3957641124725342,0.037281397730112076,2.782911777496338
399,11238,3732,223,2,0.39483413100242615,0.035460881888866425,-0.02492167428135872
400,11265,6561,240,2,0.39478176832199097,0.04013644531369209,0.021427948027849197
401,11310,6725,49,2,0.3944915235042572,0.03466702252626419,0.9265267848968506
402,11312,7034,246,2,0.39640313386917114,0.03298676759004593,-0.05718545243144035
403,11314,5578,252,2,0.39636683464050293,0.03696165233850479,-0.14138242602348328
404,11336,5827,54,3,0.3944339156150818,0.03736650571227074,0.9847354292869568
405,11396,6160,115,2,0.3947904109954834,0.0319918654859066,0.5091263651847839
406,11406,774,284,3,0.3946970999240875,0.03322915732860565,-0.23312711715698242
407,11490,7038,1,3,0.3952431380748749,0.032350171357393265,3.806792736053467
408,11503,7011,430,4,0.3960769772529602,0.03612513095140457,-0.9764122366905212
409,11545,5775,335,3,0.39665403962135315,0.035865671932697296,-0.4901602566242218
410,11620,6664,171,3,0.395894855260849,0.03575408458709717,0.28062885999679565
411,11621,5246,316,2,0.39662501215934753,0.036569565534591675,-0.3406285345554352
412,11725,4585,204,3,0.3954068124294281,0.0370967797935009,0.07810579240322113
413,11752,6937,166,2,0.3959959149360657,0.0330360010266304,0.29137176275253296
414,11822,1801,48,3,0.39618247747421265,0.034253787249326706,1.1695531606674194
415,11883,1792,472,2,0.3942352831363678,0.0346255898475647,-1.7264118194580078
416,11899,2111,251,2,0.3962155878543854,0.03342194855213165,-0.08412691950798035
417,11901,2373,346,3,0.3954329192638397,0.03218865022063255,-0.5193384885787964
418,11970,1427,375,2,0.3941405415534973,0.03324466943740845,-0.6208112239837646
419,11980,1822,153,3,0.39585450291633606,0.03390299156308174,0.33812448382377625
420,11983,5764,104,2,0.3958902060985565,0.038120336830616,0.6542179584503174
421,12015,5356,449,1,0.39231833815574646,0.028932608664035797,-1.0749659538269043
422,12075,5432,400,3,0.39496707916259766,0.03350934758782387,-0.7901793718338013
423,12112,3484,309,2,0.3952564299106598,0.036297596991062164,-0.35756635665893555
424,12120,5422,423,1,0.39384135603904724,0.03240508586168289,-0.9609158039093018
425,12122,4549,425,2,0.3938586115837097,0.03183073550462723,-0.935295581817627
426,12153,6620,133,2,0.39617642760276794,0.03466056287288666,0.48179686069488525
427,12163,6888,359,2,0.39542698860168457,0.03234080225229263,-0.591178297996521
428,12187,844,277,3,0.39423877000808716,0.033860936760902405,-0.17584703862667084
429,12192,7012,163,1,0.3917302191257477,0.032188721001148224,0.27609243988990784
430,12195,5388,157,2,0.3962017297744751,0.03621276840567589,0.37709924578666687
431,12197,5417,64,2,0.39535561203956604,0.034015655517578125,1.0597188472747803
432,12200,2595,369,4,0.39579012989997864,0.03341984376311302,-0.6432930827140808
433,12202,6998,169,3,0.39555788040161133,0.03251364827156067,0.19609612226486206
434,12219,845,265,2,0.395402729511261,0.03185071796178818,-0.16919180750846863
435,12222,5186,45,2,0.39455100893974304,0.03197235241532326,1.1438167095184326
436,12270,6482,246,2,0.3958539068698883,0.03601513057947159,-0.04505850747227669
437,12288,7012,105,1,0.3933921754360199,0.03471232205629349,0.6938521265983582
438,12324,6993,29,2,0.3953970670700073,0.034232497215270996,1.3639837503433228
439,12398,3482,11,2,0.3929075598716736,0.037662237882614136,2.0007147789001465
440,12419,4362,3,2,0.39421939849853516,0.03860408067703247,3.336458683013916
441,12443,7043,256,2,0.39539697766304016,0.04388854280114174,-0.10977332293987274
442,12492,6983,137,3,0.39417845010757446,0.03245924413204193,0.3295433521270752
443,12497,6176,216,1,0.39387840032577515,0.03130517154932022,0.09506554156541824
444,12586,6208,69,7,0.3943304717540741,0.035581547766923904,1.010831356048584
445,12865,3440,443,2,0.3939110338687897,0.03285226225852966,-1.1286057233810425
446,12866,6800,256,3,0.39654263854026794,0.034791771322488785,-0.055274732410907745
447,12907,5553,185,2,0.39456021785736084,0.03365123271942139,0.1855047196149826
448,12929,1905,398,2,0.39617979526519775,0.0402764230966568,-0.7625093460083008
449,12939,1197,111,2,0.39552661776542664,0.032834120094776154,0.566334068775177
450,12950,1148,324,6,0.39546141028404236,0.031024131923913956,-0.41331425309181213
451,13000,3245,245,3,0.3954584300518036,0.03509847819805145,-0.019189029932022095
452,13032,2847,111,2,0.3960224986076355,0.03455493599176407,0.6325544118881226
453,13044,4303,31,2,0.3948642313480377,0.03389468789100647,1.4784789085388184
454,13097,4656,118,2,0.3955484926700592,0.035196878015995026,0.6127160787582397
455,13180,6745,68,3,0.3967234492301941,0.039041534066200256,1.0065840482711792
456,13187,6714,229,2,0.3956298530101776,0.03415101021528244,0.03866801783442497
457,13224,6386,269,5,0.39511725306510925,0.03297467529773712,-0.24038058519363403
458,13295,3360,293,2,0.3954530954360962,0.03291674703359604,-0.24127599596977234
459,13309,6663,142,2,0.3969195783138275,0.035044774413108826,0.4696979224681854
460,13351,5218,405,1,0.3930474817752838,0.02989901229739189,-0.8219003081321716
461,13360,6208,192,2,0.3966628909111023,0.035252876579761505,0.20520459115505219
462,13363,6926,394,2,0.39627605676651,0.03249818831682205,-0.7613400816917419
463,13433,5047,109,1,0.39315328001976013,0.034178927540779114,0.6066401600837708
464,13438,5131,69,1,0.38975316286087036,0.03846478834748268,1.0190165042877197
465,13457,6164,98,2,0.3953310549259186,0.03535112366080284,0.6393183469772339
466,13497,6500,282,2,0.3945843577384949,0.03176252171397209,-0.20287109911441803
467,13567,6913,464,4,0.3949284851551056,0.033316634595394135,-1.3771507740020752
468,13723,6877,41,1,0.3941939175128937,0.03279949352145195,1.116809606552124
469,13733,3774,411,2,0.3930685520172119,0.030992580577731133,-0.9054116010665894
470,13762,6886,103,1,0.3905797600746155,0.033934444189071655,0.6185306310653687
471,13770,3315,58,3,0.3949527442455292,0.03203767538070679,0.7740297913551331
472,13819,6636,451,2,0.3933146297931671,0.030220916494727135,-1.2574903964996338
473,13821,6456,147,1,0.3904517590999603,0.03381393104791641,0.34388086199760437
474,13834,6913,423,1,0.3905525505542755,0.03419618308544159,-0.8925598859786987
475,13843,3999,311,3,0.3953581154346466,0.03850308060646057,-0.36323100328445435
476,13854,6744,187,2,0.3952619433403015,0.035362694412469864,0.2199350893497467
477,13886,7048,315,2,0.3957136273384094,0.03691023588180542,-0.4029451608657837
478,13984,4386,414,2,0.3960319459438324,0.03566562384366989,-1.009404182434082
479,14075,6966,188,2,0.39574581384658813,0.03408556059002876,0.07866168022155762
480,14111,6951,436,2,0.3959306478500366,0.04047613963484764,-1.1638675928115845
481,14128,4977,123,3,0.39611002802848816,0.03221706300973892,0.47851699590682983
482,14132,5946,81,2,0.39500391483306885,0.03476845473051071,0.7315868735313416
483,14196,3920,59,2,0.39345720410346985,0.035452716052532196,0.9301989078521729
484,14230,4055,341,2,0.39520660042762756,0.035339418798685074,-0.49627581238746643
485,14282,6757,308,2,0.39669209718704224,0.034837428480386734,-0.32180407643318176
486,14295,4187,270,2,0.39531052112579346,0.030837200582027435,-0.20623327791690826
487,14304,6489,274,4,0.3951146900653839,0.03372429311275482,-0.1879783421754837
488,14323,6464,221,2,0.39524388313293457,0.034812550991773605,0.10599842667579651
489,14342,6219,7,2,0.39535146951675415,0.03476319462060928,2.1442582607269287
490,14383,4705,255,2,0.3969729244709015,0.03253909572958946,-0.14638713002204895
491,14475,4897,256,2,0.393746554851532,0.03126652166247368,-0.12256649136543274
492,14594,3994,314,2,0.3931647837162018,0.03438027948141098,-0.34107518196105957
493,14601,7031,468,2,0.39627283811569214,0.037896670401096344,-1.828935980796814
494,14605,6290,59,2,0.39409390091896057,0.033827099949121475,0.8846881985664368
495,14668,6865,272,1,0.3936954736709595,0.03210585564374924,-0.17907267808914185
496,14680,6556,44,3,0.39441198110580444,0.036065734922885895,1.2756539583206177
497,14759,6222,461,2,0.39509016275405884,0.035070158541202545,-1.2786870002746582
498,14780,5867,3,1,0.39118021726608276,0.03914519026875496,2.8489439487457275
499,14851,6500,244,1,0.39315328001976013,0.033459972590208054,-0.030129466205835342
500,14863,4118,299,2,0.3958728015422821,0.03200315311551094,-0.257072776556015
501,15052,3251,269,2,0.3948497474193573,0.03356848284602165,-0.16795817017555237
502,15117,3653,315,4,0.39628028869628906,0.032341521233320236,-0.40637344121932983
503,15189,6735,104,3,0.39540138840675354,0.034688591957092285,0.5550019145011902
504,15307,2503,331,2,0.39679592847824097,0.03398089110851288,-0.45986148715019226
505,15456,6964,177,2,0.395426869392395,0.03526048734784126,0.2454662024974823
506,15508,5779,91,2,0.3950444757938385,0.03429502248764038,0.5824152827262878
507,15532,7041,185,2,0.3946826756000519,0.040041983127593994,0.18410591781139374
508,15551,6874,305,2,0.395006000995636,0.031611986458301544,-0.32026591897010803
509,15606,6986,143,1,0.3930414915084839,0.03472047299146652,0.4854936897754669
510,15635,1551,147,2,0.3951084017753601,0.03269420191645622,0.30003461241722107
511,15669,2023,61,4,0.395908385515213,0.03279588371515274,1.0379753112792969
512,15715,6286,11,3,0.3955375552177429,0.03415553644299507,1.9775722026824951
513,15716,6176,136,2,0.39535728096961975,0.03265110403299332,0.3821628987789154
514,15725,1370,72,2,0.3960319459438324,0.03431647643446922,1.0179580450057983
515,15730,3880,266,2,0.39537671208381653,0.03420110419392586,-0.11061014235019684
516,15733,5663,192,2,0.3955118656158447,0.03235575556755066,0.17994436621665955
517,15788,6888,118,2,0.3959499001502991,0.03368877246975899,0.492580771446228
518,15853,6786,358,3,0.39474642276763916,0.031407538801431656,-0.5657604932785034
519,15994,5781,270,1,0.3922729790210724,0.03495088964700699,-0.1990646868944168
520,16007,6632,42,2,0.3947753310203552,0.03606284037232399,1.1631758213043213
521,16017,6566,64,2,0.39426323771476746,0.03341307491064072,0.9163063168525696
522,16029,6525,408,3,0.39582857489585876,0.038614824414253235,-0.9009237885475159
523,16077,3105,154,1,0.39399954676628113,0.03203209862112999,0.4238602817058563
524,16099,3662,28,3,0.3953821361064911,0.03813886642456055,1.435073733329773
525,16164,3808,202,3,0.3943573236465454,0.032663337886333466,0.19925446808338165
526,16169,7043,383,2,0.3962729871273041,0.03970064967870712,-0.7596300840377808
527,16181,4515,42,2,0.3940541744232178,0.03302266076207161,1.1875053644180298
528,16184,5471,292,4,0.39613908529281616,0.03474368155002594,-0.2857317626476288
529,16189,4077,376,2,0.3952327370643616,0.03634384647011757,-0.6738290190696716
530,16328,6403,202,2,0.3943677842617035,0.03590679168701172,0.08257563412189484
531,16353,6208,184,2,0.3945249915122986,0.037371549755334854,0.17802564799785614
532,16376,4672,21,2,0.39484164118766785,0.03456522896885872,1.3877195119857788
533,16396,6444,186,1,0.392512708902359,0.03799252584576607,0.18961670994758606
534,16407,5456,201,1,0.39198464155197144,0.03568325936794281,0.15845198929309845
535,16477,5883,429,2,0.3926626741886139,0.030895210802555084,-0.9260357618331909
536,16483,6199,37,1,0.3931117355823517,0.03630891814827919,1.221115231513977
537,16517,1693,148,3,0.39434143900871277,0.032208193093538284,0.366772323846817
538,16529,6984,190,1,0.3916548192501068,0.03802906721830368,0.20809972286224365
539,16563,6528,65,1,0.3902684450149536,0.03411555662751198,0.8864954710006714
540,16600,1644,468,2,0.3939090669155121,0.03462187945842743,-1.596996545791626
541,16673,5870,25,2,0.3944520354270935,0.03434264287352562,1.6235833168029785
542,16767,2757,33,2,0.39560672640800476,0.03515688329935074,1.3210538625717163
543,16793,7023,262,2,0.3947513997554779,0.03327886387705803,-0.1942366510629654
544,16810,1722,410,2,0.3955194354057312,0.033253882080316544,-0.9096616506576538
545,16881,6368,25,2,0.3932268023490906,0.039543867111206055,1.3580701351165771
546,16958,6176,214,3,0.3949953615665436,0.030757177621126175,-0.01675218529999256
547,16966,5596,1,3,0.39373165369033813,0.03855527937412262,5.578528881072998
548,17007,7012,187,1,0.39280909299850464,0.0316758006811142,0.18928684294223785
549,17020,6943,281,5,0.39618998765945435,0.03699908405542374,-0.19561251997947693
550,17043,6938,146,2,0.39505308866500854,0.030727587640285492,0.32019227743148804
551,17044,7044,335,2,0.39526987075805664,0.0346132293343544,-0.46739232540130615
552,17084,6920,256,3,0.39333152770996094,0.03406159579753876,-0.09307684004306793
553,17089,6800,75,3,0.39260944724082947,0.038285911083221436,0.8369806408882141
554,17090,6989,232,1,0.3904182016849518,0.03367171436548233,-0.013904687017202377
555,17093,6984,179,3,0.3954058289527893,0.03483511880040169,0.2345813512802124
556,17114,5145,439,2,0.39449772238731384,0.032750941812992096,-1.0108157396316528
557,17126,5428,439,2,0.3945384621620178,0.033895090222358704,-1.0603928565979004
558,17130,5923,185,4,0.3933243751525879,0.03279707953333855,0.180495485663414
559,17228,4229,366,4,0.3970433175563812,0.03362639248371124,-0.5939323902130127
560,17345,6922,173,1,0.39236414432525635,0.03551686182618141,0.19844427704811096
561,17403,6936,3,1,0.3918008506298065,0.04201798886060715,2.9878180027008057
562,17644,6247,13,2,0.39478716254234314,0.0345970019698143,1.9643625020980835
563,17653,3284,21,4,0.3959496319293976,0.035732243210077286,1.8181084394454956
564,17663,4057,366,1,0.3920549154281616,0.03465208411216736,-0.591391921043396
565,17830,6873,344,2,0.3959583342075348,0.03584932163357735,-0.4720083773136139
566,17831,7028,117,1,0.39426732063293457,0.034038789570331573,0.5235066413879395
567,17843,6625,393,2,0.39614880084991455,0.03512054681777954,-0.7752772569656372
568,17869,7028,124,3,0.3946665823459625,0.03511091321706772,0.43635597825050354
569,17875,6716,94,2,0.3950806260108948,0.03129633143544197,0.7094627618789673
570,17876,6942,281,2,0.3940911293029785,0.03533351421356201,-0.20605292916297913
571,17878,6411,115,1,0.3911031484603882,0.040985655039548874,0.6636772155761719
572,17889,4919,35,2,0.39572572708129883,0.03468196094036102,1.1575812101364136
573,17901,6099,19,4,0.3937983810901642,0.039238423109054565,1.9621107578277588
574,17980,5560,280,3,0.39547833800315857,0.033491797745227814,-0.20016518235206604
575,18141,6193,262,3,0.39640411734580994,0.0312628448009491,-0.08284677565097809
576,18185,2626,448,2,0.3950299024581909,0.0362069346010685,-1.2770270109176636
577,18198,6114,478,2,0.3948124945163727,0.03333909437060356,-2.373330593109131
578,18201,3979,178,2,0.3947010338306427,0.034064024686813354,0.23100031912326813
579,18210,6842,324,2,0.3934546113014221,0.03286018222570419,-0.38623830676078796
580,18276,5458,476,2,0.3952907919883728,0.038952361792325974,-2.037199020385742
581,18365,6968,313,2,0.39506104588508606,0.03731697052717209,-0.33009806275367737
582,18377,7036,310,2,0.39544811844825745,0.035511210560798645,-0.3542677164077759
583,18424,6397,232,2,0.3961200714111328,0.035516005009412766,0.0005868347361683846
584,18523,6551,114,3,0.3938949704170227,0.034132108092308044,0.5450499057769775
585,18569,3141,363,3,0.3954620063304901,0.03441854566335678,-0.6443667411804199
586,18606,6763,249,3,0.3955864906311035,0.03376894071698189,-0.06884831190109253
587,18614,6860,9,2,0.3950062692165375,0.03561495989561081,1.9137978553771973
588,18629,6937,8,2,0.3945607542991638,0.03154398873448372,2.046318292617798
589,18707,6558,62,2,0.39343926310539246,0.03858359530568123,0.8881000876426697
590,18904,6917,17,2,0.39446988701820374,0.0359080471098423,1.633345603942871
591,18946,7006,54,2,0.39503657817840576,0.03734399378299713,1.0044424533843994
592,18948,7010,4,1,0.39232468605041504,0.0354701429605484,2.0308711528778076
593,19036,5923,395,1,0.39268243312835693,0.032512616366147995,-0.7798242568969727
594,19169,6986,143,1,0.3930414915084839,0.03472047299146652,0.48549363017082214
595,19240,6775,334,2,0.3953739106655121,0.032623521983623505,-0.4790065586566925
596,19274,6860,145,2,0.3939724564552307,0.03305467218160629,0.31635981798171997
597,19312,4682,358,1,0.3917302191257477,0.03796630725264549,-0.5487543344497681
598,19322,6984,397,1,0.3902684450149536,0.029812326654791832,-0.7382222414016724
599,19328,5936,219,1,0.3914702534675598,0.029196782037615776,0.016272742301225662
600,19375,7001,72,3,0.39360007643699646,0.03282640874385834,0.7663196921348572
601,19394,7012,73,1,0.38935524225234985,0.04371729493141174,0.6764100193977356
602,19395,6998,95,2,0.39516958594322205,0.03498876839876175,0.5531033277511597
603,19404,6947,123,2,0.3924345076084137,0.03522079437971115,0.4611499011516571
604,19405,6968,327,2,0.39385777711868286,0.0390290841460228,-0.4154892563819885
605,19411,6528,277,1,0.3931862413883209,0.030351433902978897,-0.15146693587303162
606,19413,6984,164,1,0.38935524225234985,0.0406123623251915,0.20748582482337952
607,19436,7031,408,1,0.3931862413883209,0.03520695120096207,-0.9424371123313904
